#
# There is insufficient memory for the Java Runtime Environment to continue.
# Native memory allocation (mmap) failed to map 168820736 bytes. Error detail: G1 virtual space
# Possible reasons:
#   The system is out of physical RAM or swap space
#   This process is running with CompressedOops enabled, and the Java Heap may be blocking the growth of the native heap
# Possible solutions:
#   Reduce memory load on the system
#   Increase physical memory or swap space
#   Check if swap backing store is full
#   Decrease Java heap size (-Xmx/-Xms)
#   Decrease number of Java threads
#   Decrease Java thread stack sizes (-Xss)
#   Set larger code cache with -XX:ReservedCodeCacheSize=
#   JVM is running with Unscaled Compressed Oops mode in which the Java heap is
#     placed in the first 4GB address space. The Java Heap base address is the
#     maximum limit for the native heap growth. Please use -XX:HeapBaseMinAddress
#     to set the Java Heap base and to place the Java Heap above 4GB virtual address.
# This output file may be truncated or incomplete.
#
#  Out of Memory Error (os_windows.cpp:3710), pid=21948, tid=24500
#
# JRE version: OpenJDK Runtime Environment Microsoft-11926163 (17.0.16+8) (build 17.0.16+8-LTS)
# Java VM: OpenJDK 64-Bit Server VM Microsoft-11926163 (17.0.16+8-LTS, mixed mode, sharing, tiered, compressed oops, compressed class ptrs, g1 gc, windows-amd64)
# No core dump will be written. Minidumps are not enabled by default on client versions of Windows
#

---------------  S U M M A R Y ------------

Command Line: --add-opens=java.base/java.lang=ALL-UNNAMED --add-opens=java.base/java.lang.invoke=ALL-UNNAMED --add-opens=java.base/java.util=ALL-UNNAMED --add-opens=java.prefs/java.util.prefs=ALL-UNNAMED --add-exports=jdk.compiler/com.sun.tools.javac.api=ALL-UNNAMED --add-exports=jdk.compiler/com.sun.tools.javac.util=ALL-UNNAMED --add-opens=java.base/java.util=ALL-UNNAMED --add-opens=java.prefs/java.util.prefs=ALL-UNNAMED --add-opens=java.base/java.nio.charset=ALL-UNNAMED --add-opens=java.base/java.net=ALL-UNNAMED --add-opens=java.base/java.util.concurrent=ALL-UNNAMED --add-opens=java.base/java.util.concurrent.atomic=ALL-UNNAMED --add-opens=java.xml/javax.xml.namespace=ALL-UNNAMED --add-opens=java.base/java.time=ALL-UNNAMED -XX:MaxMetaspaceSize=512m -Xmx2048m -Dfile.encoding=windows-1252 -Duser.country=IN -Duser.language=en -Duser.variant -javaagent:D:\gradle_home\wrapper\dists\gradle-9.3.1-bin\23ovyewtku6u96viwx3xl3oks\gradle-9.3.1\lib\agents\gradle-instrumentation-agent-9.3.1.jar org.gradle.launcher.daemon.bootstrap.GradleDaemon 9.3.1

Host: 13th Gen Intel(R) Core(TM) i5-13420H, 12 cores, 15G,  Windows 11 , 64 bit Build 26100 (10.0.26100.9444)
Time: Sat Sep 12 20:34:14 2026 India Standard Time elapsed time: 56.857096 seconds (0d 0h 0m 56s)

---------------  T H R E A D  ---------------

Current thread (0x0000025b1e7ac450):  VMThread "VM Thread" [stack: 0x000000f013000000,0x000000f013100000] [id=24500]

Stack: [0x000000f013000000,0x000000f013100000]
Native frames: (J=compiled Java code, j=interpreted, Vv=VM code, C=native code)
V  [jvm.dll+0x68ee19]
V  [jvm.dll+0x846249]
V  [jvm.dll+0x847fb8]
V  [jvm.dll+0x848643]
V  [jvm.dll+0x24cf6f]
V  [jvm.dll+0x68bde9]
V  [jvm.dll+0x6803aa]
V  [jvm.dll+0x30ffc0]
V  [jvm.dll+0x30fe62]
V  [jvm.dll+0x3173b9]
V  [jvm.dll+0x3695e9]
V  [jvm.dll+0x36981d]
V  [jvm.dll+0x2e683a]
V  [jvm.dll+0x2e4c31]
V  [jvm.dll+0x2e43cc]
V  [jvm.dll+0x328ceb]
V  [jvm.dll+0x84cecd]
V  [jvm.dll+0x84dbe3]
V  [jvm.dll+0x84e114]
V  [jvm.dll+0x84e4f8]
V  [jvm.dll+0x84e5ee]
V  [jvm.dll+0x7f5e9c]
V  [jvm.dll+0x68dd27]
C  [ucrtbase.dll+0x2cd30]
C  [KERNEL32.DLL+0x2cd87]
C  [ntdll.dll+0xacaec]

VM_Operation (0x000000f018efaac0): G1CollectForAllocation, mode: safepoint, requested by thread 0x0000025b416c4d40


---------------  P R O C E S S  ---------------

Threads class SMR info:
_java_thread_list=0x0000025b421a85f0, length=83, elements={
0x0000025b7fe324e0, 0x0000025b1e7af430, 0x0000025b1e7aff00, 0x0000025b1e7c7220,
0x0000025b1e7c7af0, 0x0000025b1e7c93d0, 0x0000025b1e7cdcc0, 0x0000025b1e7ce970,
0x0000025b1e7db360, 0x0000025b1e7dc070, 0x0000025b1e79eb20, 0x0000025b3a2d9d70,
0x0000025b3f159640, 0x0000025b3a15b070, 0x0000025b3f235150, 0x0000025b3f2e0240,
0x0000025b3f2df820, 0x0000025b3f2e2fd0, 0x0000025b3f2e0c60, 0x0000025b3f2e1680,
0x0000025b3f2dfd30, 0x0000025b3f2e0750, 0x0000025b3f2e1b90, 0x0000025b3f2e20a0,
0x0000025b3f2e25b0, 0x0000025b3f2e1170, 0x0000025b3f2e2ac0, 0x0000025b4312c3b0,
0x0000025b43129b30, 0x0000025b4312a040, 0x0000025b4312a550, 0x0000025b4312c8c0,
0x0000025b4312b480, 0x0000025b43129110, 0x0000025b4312cdd0, 0x0000025b4312d2e0,
0x0000025b4312dd00, 0x0000025b4312b990, 0x0000025b416c1080, 0x0000025b416bf220,
0x0000025b416be800, 0x0000025b3fb8f9c0, 0x0000025b46fb7470, 0x0000025b46fb7980,
0x0000025b5f4a5fb0, 0x0000025b5f4a64c0, 0x0000025b5f4a69d0, 0x0000025b5f4a5080,
0x0000025b5f4a5590, 0x0000025b432964a0, 0x0000025b432969b0, 0x0000025b432973d0,
0x0000025b43297df0, 0x0000025b4218a140, 0x0000025b5f086bd0, 0x0000025b3fc841e0,
0x0000025b3fc85b30, 0x0000025b46b98430, 0x0000025b46b99360, 0x0000025b46b98940,
0x0000025b46b98e50, 0x0000025b3fc85110, 0x0000025b3fc85620, 0x0000025b3fc846f0,
0x0000025b5f0870e0, 0x0000025b5f085790, 0x0000025b5f084860, 0x0000025b5f085ca0,
0x0000025b5f0861b0, 0x0000025b5f084350, 0x0000025b5f085280, 0x0000025b5f0866c0,
0x0000025b416c3e10, 0x0000025b416c4830, 0x0000025b416c4d40, 0x0000025b416c1590,
0x0000025b416c5250, 0x0000025b416c1aa0, 0x0000025b3fb8ea90, 0x0000025b3fb8efa0,
0x0000025b3f4ec1c0, 0x0000025b43fe0800, 0x0000025b43fe1730
}

Java Threads: ( => current thread )
  0x0000025b7fe324e0 JavaThread "main" [_thread_blocked, id=12728, stack(0x000000f012a00000,0x000000f012b00000)]
  0x0000025b1e7af430 JavaThread "Reference Handler" daemon [_thread_blocked, id=17928, stack(0x000000f013100000,0x000000f013200000)]
  0x0000025b1e7aff00 JavaThread "Finalizer" daemon [_thread_blocked, id=10832, stack(0x000000f013200000,0x000000f013300000)]
  0x0000025b1e7c7220 JavaThread "Signal Dispatcher" daemon [_thread_blocked, id=16120, stack(0x000000f013300000,0x000000f013400000)]
  0x0000025b1e7c7af0 JavaThread "Attach Listener" daemon [_thread_blocked, id=3228, stack(0x000000f013400000,0x000000f013500000)]
  0x0000025b1e7c93d0 JavaThread "Service Thread" daemon [_thread_blocked, id=14544, stack(0x000000f013500000,0x000000f013600000)]
  0x0000025b1e7cdcc0 JavaThread "Monitor Deflation Thread" daemon [_thread_blocked, id=2768, stack(0x000000f013600000,0x000000f013700000)]
  0x0000025b1e7ce970 JavaThread "C2 CompilerThread0" daemon [_thread_blocked, id=21408, stack(0x000000f013700000,0x000000f013800000)]
  0x0000025b1e7db360 JavaThread "C1 CompilerThread0" daemon [_thread_blocked, id=2348, stack(0x000000f013800000,0x000000f013900000)]
  0x0000025b1e7dc070 JavaThread "Sweeper thread" daemon [_thread_blocked, id=25560, stack(0x000000f013900000,0x000000f013a00000)]
  0x0000025b1e79eb20 JavaThread "Common-Cleaner" daemon [_thread_blocked, id=6908, stack(0x000000f013a00000,0x000000f013b00000)]
  0x0000025b3a2d9d70 JavaThread "Notification Thread" daemon [_thread_blocked, id=27856, stack(0x000000f013b00000,0x000000f013c00000)]
  0x0000025b3f159640 JavaThread "Daemon health stats" [_thread_blocked, id=20800, stack(0x000000f014500000,0x000000f014600000)]
  0x0000025b3a15b070 JavaThread "Incoming local TCP Connector on port 60299" [_thread_in_native, id=30392, stack(0x000000f014600000,0x000000f014700000)]
  0x0000025b3f235150 JavaThread "Daemon periodic checks" [_thread_blocked, id=30168, stack(0x000000f014700000,0x000000f014800000)]
  0x0000025b3f2e0240 JavaThread "Daemon" [_thread_blocked, id=24736, stack(0x000000f014800000,0x000000f014900000)]
  0x0000025b3f2df820 JavaThread "Handler for socket connection from /127.0.0.1:60299 to /127.0.0.1:53268" [_thread_in_native, id=21448, stack(0x000000f014900000,0x000000f014a00000)]
  0x0000025b3f2e2fd0 JavaThread "Cancel handler" [_thread_blocked, id=13948, stack(0x000000f014a00000,0x000000f014b00000)]
  0x0000025b3f2e0c60 JavaThread "Daemon worker" [_thread_in_native, id=12896, stack(0x000000f014b00000,0x000000f014c00000)]
  0x0000025b3f2e1680 JavaThread "Asynchronous log dispatcher for DefaultDaemonConnection: socket connection from /127.0.0.1:60299 to /127.0.0.1:53268" [_thread_blocked, id=4624, stack(0x000000f014c00000,0x000000f014d00000)]
  0x0000025b3f2dfd30 JavaThread "Stdin handler" [_thread_blocked, id=23932, stack(0x000000f014d00000,0x000000f014e00000)]
  0x0000025b3f2e0750 JavaThread "Daemon client event forwarder" [_thread_blocked, id=20520, stack(0x000000f014e00000,0x000000f014f00000)]
  0x0000025b3f2e1b90 JavaThread "Cache worker for journal cache (D:\gradle_home\caches\journal-1)" [_thread_blocked, id=26456, stack(0x000000f014f00000,0x000000f015000000)]
  0x0000025b3f2e20a0 JavaThread "File lock request listener" [_thread_in_native, id=22428, stack(0x000000f015000000,0x000000f015100000)]
  0x0000025b3f2e25b0 JavaThread "Cache worker for file hash cache (D:\gradle_home\caches\9.3.1\fileHashes)" [_thread_blocked, id=8696, stack(0x000000f015100000,0x000000f015200000)]
  0x0000025b3f2e1170 JavaThread "Cache worker for file hash cache (D:\Desktop\Nirbhay\nirbhay1\frontend\android\.gradle\9.3.1\fileHashes)" [_thread_blocked, id=2916, stack(0x000000f015600000,0x000000f015700000)]
  0x0000025b3f2e2ac0 JavaThread "Cache worker for Build Output Cleanup Cache (D:\Desktop\Nirbhay\nirbhay1\frontend\android\.gradle\buildOutputCleanup)" [_thread_blocked, id=13688, stack(0x000000f015700000,0x000000f015800000)]
  0x0000025b4312c3b0 JavaThread "File watcher server" daemon [_thread_in_native, id=4620, stack(0x000000f015800000,0x000000f015900000)]
  0x0000025b43129b30 JavaThread "File watcher consumer" daemon [_thread_blocked, id=2264, stack(0x000000f015900000,0x000000f015a00000)]
  0x0000025b4312a040 JavaThread "Cache worker for checksums cache (D:\Desktop\Nirbhay\nirbhay1\frontend\android\.gradle\9.3.1\checksums)" [_thread_blocked, id=26904, stack(0x000000f015a00000,0x000000f015b00000)]
  0x0000025b4312a550 JavaThread "Cache worker for file content cache (D:\gradle_home\caches\9.3.1\fileContent)" [_thread_blocked, id=17212, stack(0x000000f015b00000,0x000000f015c00000)]
  0x0000025b4312c8c0 JavaThread "Cache worker for cache directory md-supplier (D:\gradle_home\caches\9.3.1\md-supplier)" [_thread_blocked, id=17468, stack(0x000000f015c00000,0x000000f015d00000)]
  0x0000025b4312b480 JavaThread "Cache worker for cache directory md-rule (D:\gradle_home\caches\9.3.1\md-rule)" [_thread_blocked, id=18720, stack(0x000000f015d00000,0x000000f015e00000)]
  0x0000025b43129110 JavaThread "jar transforms" [_thread_blocked, id=23652, stack(0x000000f015e00000,0x000000f015f00000)]
  0x0000025b4312cdd0 JavaThread "Exec process" [_thread_blocked, id=16304, stack(0x000000f015f00000,0x000000f016000000)]
  0x0000025b4312d2e0 JavaThread "Exec process Thread 2" [_thread_blocked, id=28416, stack(0x000000f016000000,0x000000f016100000)]
  0x0000025b4312dd00 JavaThread "Exec process Thread 3" [_thread_blocked, id=12616, stack(0x000000f016100000,0x000000f016200000)]
  0x0000025b4312b990 JavaThread "Cache worker for Build Output Cleanup Cache (D:\Desktop\Nirbhay\nirbhay1\frontend\node_modules\@react-native\gradle-plugin\.gradle\buildOutputCleanup)" [_thread_blocked, id=14120, stack(0x000000f016200000,0x000000f016300000)]
  0x0000025b416c1080 JavaThread "Unconstrained build operations" [_thread_blocked, id=22368, stack(0x000000f014200000,0x000000f014300000)]
  0x0000025b416bf220 JavaThread "Unconstrained build operations Thread 2" [_thread_blocked, id=1172, stack(0x000000f016400000,0x000000f016500000)]
  0x0000025b416be800 JavaThread "Unconstrained build operations Thread 3" [_thread_blocked, id=29908, stack(0x000000f016500000,0x000000f016600000)]
  0x0000025b3fb8f9c0 JavaThread "Kotlin DSL Writer" [_thread_blocked, id=14496, stack(0x000000f016600000,0x000000f016700000)]
  0x0000025b46fb7470 JavaThread "Cache worker for Build Output Cleanup Cache (D:\Desktop\Nirbhay\nirbhay1\frontend\node_modules\expo-modules-autolinking\android\expo-gradle-plugin\.gradle\buildOutputCleanup)" [_thread_blocked, id=26912, stack(0x000000f016700000,0x000000f016800000)]
  0x0000025b46fb7980 JavaThread "Kotlin DSL Writer" [_thread_blocked, id=24792, stack(0x000000f016800000,0x000000f016900000)]
  0x0000025b5f4a5fb0 JavaThread "Unconstrained build operations Thread 4" [_thread_blocked, id=24352, stack(0x000000f016e00000,0x000000f016f00000)]
  0x0000025b5f4a64c0 JavaThread "Unconstrained build operations Thread 5" [_thread_blocked, id=13100, stack(0x000000f016f00000,0x000000f017000000)]
  0x0000025b5f4a69d0 JavaThread "Unconstrained build operations Thread 6" [_thread_blocked, id=28684, stack(0x000000f017000000,0x000000f017100000)]
  0x0000025b5f4a5080 JavaThread "Unconstrained build operations Thread 7" [_thread_blocked, id=19392, stack(0x000000f017100000,0x000000f017200000)]
  0x0000025b5f4a5590 JavaThread "Unconstrained build operations Thread 8" [_thread_blocked, id=20056, stack(0x000000f017200000,0x000000f017300000)]
  0x0000025b432964a0 JavaThread "Unconstrained build operations Thread 9" [_thread_blocked, id=704, stack(0x000000f017300000,0x000000f017400000)]
  0x0000025b432969b0 JavaThread "Unconstrained build operations Thread 10" [_thread_blocked, id=22488, stack(0x000000f017400000,0x000000f017500000)]
  0x0000025b432973d0 JavaThread "Unconstrained build operations Thread 11" [_thread_blocked, id=18700, stack(0x000000f017500000,0x000000f017600000)]
  0x0000025b43297df0 JavaThread "Unconstrained build operations Thread 12" [_thread_blocked, id=1832, stack(0x000000f017600000,0x000000f017700000)]
  0x0000025b4218a140 JavaThread "Unconstrained build operations Thread 13" [_thread_blocked, id=14924, stack(0x000000f017900000,0x000000f017a00000)]
  0x0000025b5f086bd0 JavaThread "Unconstrained build operations Thread 14" [_thread_blocked, id=1460, stack(0x000000f017a00000,0x000000f017b00000)]
  0x0000025b3fc841e0 JavaThread "Unconstrained build operations Thread 15" [_thread_blocked, id=26584, stack(0x000000f017b00000,0x000000f017c00000)]
  0x0000025b3fc85b30 JavaThread "Unconstrained build operations Thread 16" [_thread_blocked, id=6988, stack(0x000000f017c00000,0x000000f017d00000)]
  0x0000025b46b98430 JavaThread "Unconstrained build operations Thread 17" [_thread_blocked, id=13924, stack(0x000000f017d00000,0x000000f017e00000)]
  0x0000025b46b99360 JavaThread "Unconstrained build operations Thread 18" [_thread_blocked, id=29892, stack(0x000000f017e00000,0x000000f017f00000)]
  0x0000025b46b98940 JavaThread "Unconstrained build operations Thread 19" [_thread_blocked, id=10024, stack(0x000000f017f00000,0x000000f018000000)]
  0x0000025b46b98e50 JavaThread "Unconstrained build operations Thread 20" [_thread_blocked, id=5700, stack(0x000000f018000000,0x000000f018100000)]
  0x0000025b3fc85110 JavaThread "Unconstrained build operations Thread 21" [_thread_blocked, id=29480, stack(0x000000f018100000,0x000000f018200000)]
  0x0000025b3fc85620 JavaThread "Unconstrained build operations Thread 22" [_thread_blocked, id=29960, stack(0x000000f018200000,0x000000f018300000)]
  0x0000025b3fc846f0 JavaThread "Unconstrained build operations Thread 23" [_thread_blocked, id=27180, stack(0x000000f018300000,0x000000f018400000)]
  0x0000025b5f0870e0 JavaThread "Unconstrained build operations Thread 24" [_thread_blocked, id=23800, stack(0x000000f018400000,0x000000f018500000)]
  0x0000025b5f085790 JavaThread "Unconstrained build operations Thread 25" [_thread_blocked, id=12860, stack(0x000000f018500000,0x000000f018600000)]
  0x0000025b5f084860 JavaThread "Unconstrained build operations Thread 26" [_thread_blocked, id=8336, stack(0x000000f018600000,0x000000f018700000)]
  0x0000025b5f085ca0 JavaThread "Unconstrained build operations Thread 27" [_thread_blocked, id=13424, stack(0x000000f018700000,0x000000f018800000)]
  0x0000025b5f0861b0 JavaThread "Unconstrained build operations Thread 28" [_thread_blocked, id=7700, stack(0x000000f018800000,0x000000f018900000)]
  0x0000025b5f084350 JavaThread "Unconstrained build operations Thread 29" [_thread_blocked, id=29240, stack(0x000000f018900000,0x000000f018a00000)]
  0x0000025b5f085280 JavaThread "Unconstrained build operations Thread 30" [_thread_blocked, id=24676, stack(0x000000f018a00000,0x000000f018b00000)]
  0x0000025b5f0866c0 JavaThread "Unconstrained build operations Thread 31" [_thread_blocked, id=28484, stack(0x000000f018b00000,0x000000f018c00000)]
  0x0000025b416c3e10 JavaThread "Unconstrained build operations Thread 32" [_thread_blocked, id=24076, stack(0x000000f018c00000,0x000000f018d00000)]
  0x0000025b416c4830 JavaThread "Unconstrained build operations Thread 33" [_thread_blocked, id=3988, stack(0x000000f018d00000,0x000000f018e00000)]
  0x0000025b416c4d40 JavaThread "Unconstrained build operations Thread 34" [_thread_blocked, id=6500, stack(0x000000f018e00000,0x000000f018f00000)]
  0x0000025b416c1590 JavaThread "Unconstrained build operations Thread 35" [_thread_blocked, id=19036, stack(0x000000f018f00000,0x000000f019000000)]
  0x0000025b416c5250 JavaThread "Unconstrained build operations Thread 36" [_thread_blocked, id=3120, stack(0x000000f019000000,0x000000f019100000)]
  0x0000025b416c1aa0 JavaThread "Unconstrained build operations Thread 37" [_thread_blocked, id=25504, stack(0x000000f019100000,0x000000f019200000)]
  0x0000025b3fb8ea90 JavaThread "Unconstrained build operations Thread 38" [_thread_blocked, id=26860, stack(0x000000f019200000,0x000000f019300000)]
  0x0000025b3fb8efa0 JavaThread "Unconstrained build operations Thread 39" [_thread_blocked, id=12208, stack(0x000000f019300000,0x000000f019400000)]
  0x0000025b3f4ec1c0 JavaThread "Unconstrained build operations Thread 40" [_thread_blocked, id=22664, stack(0x000000f019400000,0x000000f019500000)]
  0x0000025b43fe0800 JavaThread "Unconstrained build operations Thread 41" [_thread_blocked, id=14660, stack(0x000000f019500000,0x000000f019600000)]
  0x0000025b43fe1730 JavaThread "Unconstrained build operations Thread 42" [_thread_blocked, id=25652, stack(0x000000f019600000,0x000000f019700000)]

Other Threads:
=>0x0000025b1e7ac450 VMThread "VM Thread" [stack: 0x000000f013000000,0x000000f013100000] [id=24500]
  0x0000025b3a207350 WatcherThread [stack: 0x000000f013c00000,0x000000f013d00000] [id=1572]
  0x0000025b7fe8fbc0 GCTaskThread "GC Thread#0" [stack: 0x000000f012b00000,0x000000f012c00000] [id=3824]
  0x0000025b3a3f9880 GCTaskThread "GC Thread#1" [stack: 0x000000f013d00000,0x000000f013e00000] [id=5400]
  0x0000025b3a3f9b40 GCTaskThread "GC Thread#2" [stack: 0x000000f013e00000,0x000000f013f00000] [id=19032]
  0x0000025b3a312660 GCTaskThread "GC Thread#3" [stack: 0x000000f013f00000,0x000000f014000000] [id=192]
  0x0000025b3a312920 GCTaskThread "GC Thread#4" [stack: 0x000000f014000000,0x000000f014100000] [id=16796]
  0x0000025b3a312be0 GCTaskThread "GC Thread#5" [stack: 0x000000f014100000,0x000000f014200000] [id=20768]
  0x0000025b3fb780b0 GCTaskThread "GC Thread#6" [stack: 0x000000f014300000,0x000000f014400000] [id=30636]
  0x0000025b3fb6a4d0 GCTaskThread "GC Thread#7" [stack: 0x000000f014400000,0x000000f014500000] [id=6824]
  0x0000025b42241c30 GCTaskThread "GC Thread#8" [stack: 0x000000f015200000,0x000000f015300000] [id=29016]
  0x0000025b422416b0 GCTaskThread "GC Thread#9" [stack: 0x000000f015300000,0x000000f015400000] [id=26008]
  0x0000025b7fea0a20 ConcurrentGCThread "G1 Main Marker" [stack: 0x000000f012c00000,0x000000f012d00000] [id=22988]
  0x0000025b7fea1350 ConcurrentGCThread "G1 Conc#0" [stack: 0x000000f012d00000,0x000000f012e00000] [id=12912]
  0x0000025b422408f0 ConcurrentGCThread "G1 Conc#1" [stack: 0x000000f015400000,0x000000f015500000] [id=2352]
  0x0000025b42241ef0 ConcurrentGCThread "G1 Conc#2" [stack: 0x000000f015500000,0x000000f015600000] [id=11416]
  0x0000025b7fede8c0 ConcurrentGCThread "G1 Refine#0" [stack: 0x000000f012e00000,0x000000f012f00000] [id=3952]
  0x0000025b5f0caaa0 ConcurrentGCThread "G1 Refine#1" [stack: 0x000000f016900000,0x000000f016a00000] [id=2044]
  0x0000025b5f0cbc40 ConcurrentGCThread "G1 Refine#2" [stack: 0x000000f016a00000,0x000000f016b00000] [id=14168]
  0x0000025b42e36140 ConcurrentGCThread "G1 Refine#3" [stack: 0x000000f016b00000,0x000000f016c00000] [id=22636]
  0x0000025b42e33b10 ConcurrentGCThread "G1 Refine#4" [stack: 0x000000f016c00000,0x000000f016d00000] [id=28776]
  0x0000025b42e35e50 ConcurrentGCThread "G1 Refine#5" [stack: 0x000000f016d00000,0x000000f016e00000] [id=4292]
  0x0000025b1e6e65a0 ConcurrentGCThread "G1 Service" [stack: 0x000000f012f00000,0x000000f013000000] [id=3092]

Threads with active compile tasks:
C2 CompilerThread0    56873 19002       4       org.gradle.api.internal.initialization.transform.InstrumentationAnalysisTransform$$Lambda$2493/0x0000025b20f91c30::visit (13 bytes)

VM state: at safepoint (normal execution)

VM Mutex/Monitor currently owned by a thread:  ([mutex/lock_event])
[0x0000025b7e2a7f50] Threads_lock - owner thread: 0x0000025b1e7ac450
[0x0000025b7fe30400] Heap_lock - owner thread: 0x0000025b416c4d40

Heap address: 0x0000000080000000, size: 2048 MB, Compressed Oops mode: 32-bit

CDS archive(s) mapped at: [0x0000025b1f000000-0x0000025b1fbb0000-0x0000025b1fbb0000), size 12255232, SharedBaseAddress: 0x0000025b1f000000, ArchiveRelocationMode: 1.
Compressed class space mapped at: 0x0000025b20000000-0x0000025b3a000000, reserved size: 436207616
Narrow klass base: 0x0000025b1f000000, Narrow klass shift: 0, Narrow klass range: 0x100000000

GC Precious Log:
 CPUs: 12 total, 12 available
 Memory: 16013M
 Large Page Support: Disabled
 NUMA Support: Disabled
 Compressed Oops: Enabled (32-bit)
 Heap Region Size: 1M
 Heap Min Capacity: 8M
 Heap Initial Capacity: 252M
 Heap Max Capacity: 2G
 Pre-touch: Disabled
 Parallel Workers: 10
 Concurrent Workers: 3
 Concurrent Refinement Workers: 10
 Periodic GC: Disabled

Heap:
 garbage-first heap   total 359424K, used 198418K [0x0000000080000000, 0x0000000100000000)
  region size 1024K, 5 young (5120K), 5 survivors (5120K)
 Metaspace       used 144293K, committed 145280K, reserved 557056K
  class space    used 18227K, committed 18688K, reserved 425984K

Heap Regions: E=young(eden), S=young(survivor), O=old, HS=humongous(starts), HC=humongous(continues), CS=collection set, F=free, OA=open archive, CA=closed archive, TAMS=top-at-mark-start (previous, next)
|   0|0x0000000080000000, 0x0000000080100000, 0x0000000080100000|100%|HS|  |TAMS 0x0000000080100000, 0x0000000080000000| Complete 
|   1|0x0000000080100000, 0x0000000080200000, 0x0000000080200000|100%|HC|  |TAMS 0x0000000080200000, 0x0000000080100000| Complete 
|   2|0x0000000080200000, 0x0000000080300000, 0x0000000080300000|100%|HC|  |TAMS 0x0000000080300000, 0x0000000080200000| Complete 
|   3|0x0000000080300000, 0x0000000080400000, 0x0000000080400000|100%|HC|  |TAMS 0x0000000080400000, 0x0000000080300000| Complete 
|   4|0x0000000080400000, 0x0000000080500000, 0x0000000080500000|100%| O|  |TAMS 0x0000000080500000, 0x0000000080400000| Untracked 
|   5|0x0000000080500000, 0x0000000080600000, 0x0000000080600000|100%| O|  |TAMS 0x0000000080600000, 0x0000000080500000| Untracked 
|   6|0x0000000080600000, 0x0000000080700000, 0x0000000080700000|100%| O|  |TAMS 0x0000000080700000, 0x0000000080600000| Untracked 
|   7|0x0000000080700000, 0x0000000080800000, 0x0000000080800000|100%|HS|  |TAMS 0x0000000080800000, 0x0000000080700000| Complete 
|   8|0x0000000080800000, 0x0000000080900000, 0x0000000080900000|100%| O|  |TAMS 0x0000000080900000, 0x0000000080800000| Untracked 
|   9|0x0000000080900000, 0x0000000080a00000, 0x0000000080a00000|100%| O|  |TAMS 0x0000000080a00000, 0x0000000080900000| Untracked 
|  10|0x0000000080a00000, 0x0000000080b00000, 0x0000000080b00000|100%| O|  |TAMS 0x0000000080b00000, 0x0000000080a00000| Untracked 
|  11|0x0000000080b00000, 0x0000000080c00000, 0x0000000080c00000|100%| O|  |TAMS 0x0000000080c00000, 0x0000000080b00000| Untracked 
|  12|0x0000000080c00000, 0x0000000080d00000, 0x0000000080d00000|100%| O|  |TAMS 0x0000000080d00000, 0x0000000080c00000| Untracked 
|  13|0x0000000080d00000, 0x0000000080e00000, 0x0000000080e00000|100%| O|  |TAMS 0x0000000080e00000, 0x0000000080d00000| Untracked 
|  14|0x0000000080e00000, 0x0000000080f00000, 0x0000000080f00000|100%| O|  |TAMS 0x0000000080f00000, 0x0000000080e00000| Untracked 
|  15|0x0000000080f00000, 0x0000000081000000, 0x0000000081000000|100%| O|  |TAMS 0x0000000081000000, 0x0000000080f00000| Untracked 
|  16|0x0000000081000000, 0x0000000081100000, 0x0000000081100000|100%| O|  |TAMS 0x0000000081100000, 0x0000000081000000| Untracked 
|  17|0x0000000081100000, 0x0000000081200000, 0x0000000081200000|100%| O|  |TAMS 0x0000000081200000, 0x0000000081100000| Untracked 
|  18|0x0000000081200000, 0x0000000081300000, 0x0000000081300000|100%| O|  |TAMS 0x0000000081300000, 0x0000000081200000| Untracked 
|  19|0x0000000081300000, 0x0000000081400000, 0x0000000081400000|100%| O|  |TAMS 0x0000000081400000, 0x0000000081300000| Untracked 
|  20|0x0000000081400000, 0x0000000081500000, 0x0000000081500000|100%| O|  |TAMS 0x0000000081500000, 0x0000000081400000| Untracked 
|  21|0x0000000081500000, 0x0000000081600000, 0x0000000081600000|100%| O|  |TAMS 0x0000000081600000, 0x0000000081500000| Untracked 
|  22|0x0000000081600000, 0x0000000081700000, 0x0000000081700000|100%| O|  |TAMS 0x0000000081700000, 0x0000000081600000| Untracked 
|  23|0x0000000081700000, 0x0000000081800000, 0x0000000081800000|100%| O|  |TAMS 0x0000000081800000, 0x0000000081700000| Untracked 
|  24|0x0000000081800000, 0x0000000081900000, 0x0000000081900000|100%| O|  |TAMS 0x0000000081900000, 0x0000000081800000| Untracked 
|  25|0x0000000081900000, 0x0000000081a00000, 0x0000000081a00000|100%| O|  |TAMS 0x0000000081a00000, 0x0000000081900000| Untracked 
|  26|0x0000000081a00000, 0x0000000081b00000, 0x0000000081b00000|100%| O|  |TAMS 0x0000000081b00000, 0x0000000081a00000| Untracked 
|  27|0x0000000081b00000, 0x0000000081c00000, 0x0000000081c00000|100%| O|  |TAMS 0x0000000081c00000, 0x0000000081b00000| Untracked 
|  28|0x0000000081c00000, 0x0000000081d00000, 0x0000000081d00000|100%| O|  |TAMS 0x0000000081d00000, 0x0000000081c00000| Untracked 
|  29|0x0000000081d00000, 0x0000000081e00000, 0x0000000081e00000|100%| O|  |TAMS 0x0000000081e00000, 0x0000000081d00000| Untracked 
|  30|0x0000000081e00000, 0x0000000081f00000, 0x0000000081f00000|100%| O|  |TAMS 0x0000000081f00000, 0x0000000081e00000| Untracked 
|  31|0x0000000081f00000, 0x0000000082000000, 0x0000000082000000|100%| O|  |TAMS 0x0000000082000000, 0x0000000081f00000| Untracked 
|  32|0x0000000082000000, 0x0000000082100000, 0x0000000082100000|100%| O|  |TAMS 0x0000000082100000, 0x0000000082000000| Untracked 
|  33|0x0000000082100000, 0x0000000082200000, 0x0000000082200000|100%| O|  |TAMS 0x0000000082200000, 0x0000000082100000| Untracked 
|  34|0x0000000082200000, 0x0000000082300000, 0x0000000082300000|100%| O|  |TAMS 0x0000000082300000, 0x0000000082200000| Untracked 
|  35|0x0000000082300000, 0x0000000082400000, 0x0000000082400000|100%| O|  |TAMS 0x0000000082400000, 0x0000000082300000| Untracked 
|  36|0x0000000082400000, 0x0000000082500000, 0x0000000082500000|100%| O|  |TAMS 0x0000000082500000, 0x0000000082400000| Untracked 
|  37|0x0000000082500000, 0x0000000082600000, 0x0000000082600000|100%| O|  |TAMS 0x0000000082500000, 0x0000000082500000| Untracked 
|  38|0x0000000082600000, 0x0000000082700000, 0x0000000082700000|100%| O|  |TAMS 0x0000000082700000, 0x0000000082600000| Untracked 
|  39|0x0000000082700000, 0x0000000082800000, 0x0000000082800000|100%| O|  |TAMS 0x0000000082700000, 0x0000000082700000| Untracked 
|  40|0x0000000082800000, 0x0000000082900000, 0x0000000082900000|100%| O|  |TAMS 0x0000000082900000, 0x0000000082800000| Untracked 
|  41|0x0000000082900000, 0x0000000082a00000, 0x0000000082a00000|100%| O|  |TAMS 0x0000000082a00000, 0x0000000082900000| Untracked 
|  42|0x0000000082a00000, 0x0000000082b00000, 0x0000000082b00000|100%| O|  |TAMS 0x0000000082b00000, 0x0000000082a00000| Untracked 
|  43|0x0000000082b00000, 0x0000000082c00000, 0x0000000082c00000|100%| O|  |TAMS 0x0000000082c00000, 0x0000000082b00000| Untracked 
|  44|0x0000000082c00000, 0x0000000082d00000, 0x0000000082d00000|100%| O|  |TAMS 0x0000000082d00000, 0x0000000082c00000| Untracked 
|  45|0x0000000082d00000, 0x0000000082e00000, 0x0000000082e00000|100%| O|  |TAMS 0x0000000082e00000, 0x0000000082d00000| Untracked 
|  46|0x0000000082e00000, 0x0000000082f00000, 0x0000000082f00000|100%| O|  |TAMS 0x0000000082f00000, 0x0000000082e00000| Untracked 
|  47|0x0000000082f00000, 0x0000000083000000, 0x0000000083000000|100%| O|  |TAMS 0x0000000083000000, 0x0000000082f00000| Untracked 
|  48|0x0000000083000000, 0x0000000083100000, 0x0000000083100000|100%| O|  |TAMS 0x0000000083100000, 0x0000000083000000| Untracked 
|  49|0x0000000083100000, 0x0000000083200000, 0x0000000083200000|100%| O|  |TAMS 0x0000000083200000, 0x0000000083100000| Untracked 
|  50|0x0000000083200000, 0x0000000083300000, 0x0000000083300000|100%| O|  |TAMS 0x0000000083300000, 0x0000000083200000| Untracked 
|  51|0x0000000083300000, 0x0000000083400000, 0x0000000083400000|100%| O|  |TAMS 0x0000000083400000, 0x0000000083300000| Untracked 
|  52|0x0000000083400000, 0x0000000083500000, 0x0000000083500000|100%| O|  |TAMS 0x0000000083500000, 0x0000000083400000| Untracked 
|  53|0x0000000083500000, 0x0000000083600000, 0x0000000083600000|100%| O|  |TAMS 0x0000000083600000, 0x0000000083500000| Untracked 
|  54|0x0000000083600000, 0x0000000083700000, 0x0000000083700000|100%| O|  |TAMS 0x0000000083700000, 0x0000000083600000| Untracked 
|  55|0x0000000083700000, 0x0000000083800000, 0x0000000083800000|100%| O|  |TAMS 0x0000000083800000, 0x0000000083700000| Untracked 
|  56|0x0000000083800000, 0x0000000083900000, 0x0000000083900000|100%| O|  |TAMS 0x0000000083900000, 0x0000000083800000| Untracked 
|  57|0x0000000083900000, 0x0000000083a00000, 0x0000000083a00000|100%| O|  |TAMS 0x0000000083a00000, 0x0000000083900000| Untracked 
|  58|0x0000000083a00000, 0x0000000083b00000, 0x0000000083b00000|100%| O|  |TAMS 0x0000000083b00000, 0x0000000083a00000| Untracked 
|  59|0x0000000083b00000, 0x0000000083c00000, 0x0000000083c00000|100%| O|  |TAMS 0x0000000083b00000, 0x0000000083b00000| Untracked 
|  60|0x0000000083c00000, 0x0000000083d00000, 0x0000000083d00000|100%|HS|  |TAMS 0x0000000083c00000, 0x0000000083c00000| Complete 
|  61|0x0000000083d00000, 0x0000000083e00000, 0x0000000083e00000|100%| O|  |TAMS 0x0000000083d00000, 0x0000000083d00000| Untracked 
|  62|0x0000000083e00000, 0x0000000083f00000, 0x0000000083f00000|100%| O|  |TAMS 0x0000000083e00000, 0x0000000083e00000| Untracked 
|  63|0x0000000083f00000, 0x0000000084000000, 0x0000000084000000|100%| O|  |TAMS 0x0000000083f00000, 0x0000000083f00000| Untracked 
|  64|0x0000000084000000, 0x0000000084100000, 0x0000000084100000|100%| O|  |TAMS 0x0000000084100000, 0x0000000084000000| Untracked 
|  65|0x0000000084100000, 0x0000000084200000, 0x0000000084200000|100%| O|  |TAMS 0x0000000084200000, 0x0000000084100000| Untracked 
|  66|0x0000000084200000, 0x0000000084300000, 0x0000000084300000|100%| O|  |TAMS 0x0000000084300000, 0x0000000084200000| Untracked 
|  67|0x0000000084300000, 0x0000000084400000, 0x0000000084400000|100%| O|  |TAMS 0x0000000084400000, 0x0000000084300000| Untracked 
|  68|0x0000000084400000, 0x0000000084500000, 0x0000000084500000|100%| O|  |TAMS 0x0000000084500000, 0x0000000084400000| Untracked 
|  69|0x0000000084500000, 0x0000000084600000, 0x0000000084600000|100%| O|  |TAMS 0x0000000084600000, 0x0000000084500000| Untracked 
|  70|0x0000000084600000, 0x0000000084700000, 0x0000000084700000|100%| O|  |TAMS 0x0000000084700000, 0x0000000084600000| Untracked 
|  71|0x0000000084700000, 0x0000000084800000, 0x0000000084800000|100%| O|  |TAMS 0x0000000084800000, 0x0000000084700000| Untracked 
|  72|0x0000000084800000, 0x0000000084900000, 0x0000000084900000|100%| O|  |TAMS 0x0000000084900000, 0x0000000084800000| Untracked 
|  73|0x0000000084900000, 0x0000000084a00000, 0x0000000084a00000|100%| O|  |TAMS 0x0000000084a00000, 0x0000000084900000| Untracked 
|  74|0x0000000084a00000, 0x0000000084b00000, 0x0000000084b00000|100%| O|  |TAMS 0x0000000084a00000, 0x0000000084a00000| Untracked 
|  75|0x0000000084b00000, 0x0000000084b9aa00, 0x0000000084c00000| 60%| O|  |TAMS 0x0000000084b9aa00, 0x0000000084b00000| Untracked 
|  76|0x0000000084c00000, 0x0000000084d00000, 0x0000000084d00000|100%| O|  |TAMS 0x0000000084c00000, 0x0000000084c00000| Untracked 
|  77|0x0000000084d00000, 0x0000000084e00000, 0x0000000084e00000|100%| O|  |TAMS 0x0000000084d00000, 0x0000000084d00000| Untracked 
|  78|0x0000000084e00000, 0x0000000084f00000, 0x0000000084f00000|100%| O|  |TAMS 0x0000000084e00000, 0x0000000084e00000| Untracked 
|  79|0x0000000084f00000, 0x0000000085000000, 0x0000000085000000|100%| O|  |TAMS 0x0000000084f00000, 0x0000000084f00000| Untracked 
|  80|0x0000000085000000, 0x0000000085100000, 0x0000000085100000|100%| O|  |TAMS 0x0000000085000000, 0x0000000085000000| Untracked 
|  81|0x0000000085100000, 0x0000000085200000, 0x0000000085200000|100%| O|  |TAMS 0x0000000085100000, 0x0000000085100000| Untracked 
|  82|0x0000000085200000, 0x0000000085300000, 0x0000000085300000|100%| O|  |TAMS 0x0000000085200000, 0x0000000085200000| Untracked 
|  83|0x0000000085300000, 0x0000000085400000, 0x0000000085400000|100%| O|  |TAMS 0x0000000085300000, 0x0000000085300000| Untracked 
|  84|0x0000000085400000, 0x0000000085500000, 0x0000000085500000|100%| O|  |TAMS 0x0000000085400000, 0x0000000085400000| Untracked 
|  85|0x0000000085500000, 0x0000000085600000, 0x0000000085600000|100%| O|  |TAMS 0x0000000085500000, 0x0000000085500000| Untracked 
|  86|0x0000000085600000, 0x0000000085700000, 0x0000000085700000|100%| O|  |TAMS 0x0000000085600000, 0x0000000085600000| Untracked 
|  87|0x0000000085700000, 0x0000000085800000, 0x0000000085800000|100%| O|  |TAMS 0x0000000085700000, 0x0000000085700000| Untracked 
|  88|0x0000000085800000, 0x0000000085900000, 0x0000000085900000|100%| O|  |TAMS 0x0000000085800000, 0x0000000085800000| Untracked 
|  89|0x0000000085900000, 0x0000000085a00000, 0x0000000085a00000|100%| O|  |TAMS 0x0000000085900000, 0x0000000085900000| Untracked 
|  90|0x0000000085a00000, 0x0000000085b00000, 0x0000000085b00000|100%| O|  |TAMS 0x0000000085a00000, 0x0000000085a00000| Untracked 
|  91|0x0000000085b00000, 0x0000000085c00000, 0x0000000085c00000|100%| O|  |TAMS 0x0000000085b00000, 0x0000000085b00000| Untracked 
|  92|0x0000000085c00000, 0x0000000085d00000, 0x0000000085d00000|100%| O|  |TAMS 0x0000000085c00000, 0x0000000085c00000| Untracked 
|  93|0x0000000085d00000, 0x0000000085e00000, 0x0000000085e00000|100%| O|  |TAMS 0x0000000085e00000, 0x0000000085d00000| Untracked 
|  94|0x0000000085e00000, 0x0000000085f00000, 0x0000000085f00000|100%| O|  |TAMS 0x0000000085f00000, 0x0000000085e00000| Untracked 
|  95|0x0000000085f00000, 0x0000000086000000, 0x0000000086000000|100%| O|  |TAMS 0x0000000085f00000, 0x0000000085f00000| Untracked 
|  96|0x0000000086000000, 0x0000000086100000, 0x0000000086100000|100%| O|  |TAMS 0x0000000086000000, 0x0000000086000000| Untracked 
|  97|0x0000000086100000, 0x0000000086200000, 0x0000000086200000|100%| O|  |TAMS 0x0000000086100000, 0x0000000086100000| Untracked 
|  98|0x0000000086200000, 0x0000000086300000, 0x0000000086300000|100%| O|  |TAMS 0x0000000086200000, 0x0000000086200000| Untracked 
|  99|0x0000000086300000, 0x0000000086400000, 0x0000000086400000|100%| O|  |TAMS 0x0000000086300000, 0x0000000086300000| Untracked 
| 100|0x0000000086400000, 0x0000000086500000, 0x0000000086500000|100%| O|  |TAMS 0x0000000086400000, 0x0000000086400000| Untracked 
| 101|0x0000000086500000, 0x0000000086600000, 0x0000000086600000|100%| O|  |TAMS 0x0000000086500000, 0x0000000086500000| Untracked 
| 102|0x0000000086600000, 0x0000000086700000, 0x0000000086700000|100%| O|  |TAMS 0x0000000086600000, 0x0000000086600000| Untracked 
| 103|0x0000000086700000, 0x0000000086800000, 0x0000000086800000|100%| O|  |TAMS 0x0000000086700000, 0x0000000086700000| Untracked 
| 104|0x0000000086800000, 0x0000000086900000, 0x0000000086900000|100%| O|  |TAMS 0x0000000086900000, 0x0000000086800000| Untracked 
| 105|0x0000000086900000, 0x0000000086a00000, 0x0000000086a00000|100%| O|  |TAMS 0x0000000086a00000, 0x0000000086900000| Untracked 
| 106|0x0000000086a00000, 0x0000000086b00000, 0x0000000086b00000|100%| O|  |TAMS 0x0000000086a00000, 0x0000000086a00000| Untracked 
| 107|0x0000000086b00000, 0x0000000086c00000, 0x0000000086c00000|100%| O|  |TAMS 0x0000000086b00000, 0x0000000086b00000| Untracked 
| 108|0x0000000086c00000, 0x0000000086d00000, 0x0000000086d00000|100%| O|  |TAMS 0x0000000086c00000, 0x0000000086c00000| Untracked 
| 109|0x0000000086d00000, 0x0000000086e00000, 0x0000000086e00000|100%| O|  |TAMS 0x0000000086d00000, 0x0000000086d00000| Untracked 
| 110|0x0000000086e00000, 0x0000000086f00000, 0x0000000086f00000|100%| O|  |TAMS 0x0000000086e00000, 0x0000000086e00000| Untracked 
| 111|0x0000000086f00000, 0x0000000087000000, 0x0000000087000000|100%| O|  |TAMS 0x0000000086f00000, 0x0000000086f00000| Untracked 
| 112|0x0000000087000000, 0x0000000087100000, 0x0000000087100000|100%| O|  |TAMS 0x0000000087000000, 0x0000000087000000| Untracked 
| 113|0x0000000087100000, 0x0000000087200000, 0x0000000087200000|100%| O|  |TAMS 0x0000000087100000, 0x0000000087100000| Untracked 
| 114|0x0000000087200000, 0x0000000087300000, 0x0000000087300000|100%| O|  |TAMS 0x0000000087200000, 0x0000000087200000| Untracked 
| 115|0x0000000087300000, 0x0000000087400000, 0x0000000087400000|100%|HS|  |TAMS 0x0000000087300000, 0x0000000087300000| Complete 
| 116|0x0000000087400000, 0x0000000087500000, 0x0000000087500000|100%| O|  |TAMS 0x0000000087400000, 0x0000000087400000| Untracked 
| 117|0x0000000087500000, 0x0000000087600000, 0x0000000087600000|100%| O|  |TAMS 0x0000000087500000, 0x0000000087500000| Untracked 
| 118|0x0000000087600000, 0x0000000087700000, 0x0000000087700000|100%| O|  |TAMS 0x0000000087600000, 0x0000000087600000| Untracked 
| 119|0x0000000087700000, 0x0000000087800000, 0x0000000087800000|100%| O|  |TAMS 0x0000000087800000, 0x0000000087700000| Untracked 
| 120|0x0000000087800000, 0x0000000087900000, 0x0000000087900000|100%| O|  |TAMS 0x0000000087800000, 0x0000000087800000| Untracked 
| 121|0x0000000087900000, 0x0000000087a00000, 0x0000000087a00000|100%| O|  |TAMS 0x0000000087900000, 0x0000000087900000| Untracked 
| 122|0x0000000087a00000, 0x0000000087b00000, 0x0000000087b00000|100%| O|  |TAMS 0x0000000087a00000, 0x0000000087a00000| Untracked 
| 123|0x0000000087b00000, 0x0000000087c00000, 0x0000000087c00000|100%| O|  |TAMS 0x0000000087b00000, 0x0000000087b00000| Untracked 
| 124|0x0000000087c00000, 0x0000000087d00000, 0x0000000087d00000|100%| O|  |TAMS 0x0000000087c00000, 0x0000000087c00000| Untracked 
| 125|0x0000000087d00000, 0x0000000087e00000, 0x0000000087e00000|100%| O|  |TAMS 0x0000000087d00000, 0x0000000087d00000| Untracked 
| 126|0x0000000087e00000, 0x0000000087f00000, 0x0000000087f00000|100%| O|  |TAMS 0x0000000087e00000, 0x0000000087e00000| Untracked 
| 127|0x0000000087f00000, 0x0000000088000000, 0x0000000088000000|100%| O|  |TAMS 0x0000000087f00000, 0x0000000087f00000| Untracked 
| 128|0x0000000088000000, 0x0000000088100000, 0x0000000088100000|100%| O|  |TAMS 0x0000000088000000, 0x0000000088000000| Untracked 
| 129|0x0000000088100000, 0x0000000088200000, 0x0000000088200000|100%| O|  |TAMS 0x0000000088100000, 0x0000000088100000| Untracked 
| 130|0x0000000088200000, 0x0000000088300000, 0x0000000088300000|100%| O|  |TAMS 0x0000000088200000, 0x0000000088200000| Untracked 
| 131|0x0000000088300000, 0x0000000088400000, 0x0000000088400000|100%| O|  |TAMS 0x0000000088300000, 0x0000000088300000| Untracked 
| 132|0x0000000088400000, 0x0000000088500000, 0x0000000088500000|100%| O|  |TAMS 0x0000000088400000, 0x0000000088400000| Untracked 
| 133|0x0000000088500000, 0x0000000088600000, 0x0000000088600000|100%| O|  |TAMS 0x0000000088500000, 0x0000000088500000| Untracked 
| 134|0x0000000088600000, 0x0000000088700000, 0x0000000088700000|100%| O|  |TAMS 0x0000000088600000, 0x0000000088600000| Untracked 
| 135|0x0000000088700000, 0x0000000088800000, 0x0000000088800000|100%| O|  |TAMS 0x0000000088700000, 0x0000000088700000| Untracked 
| 136|0x0000000088800000, 0x0000000088900000, 0x0000000088900000|100%| O|  |TAMS 0x0000000088800000, 0x0000000088800000| Untracked 
| 137|0x0000000088900000, 0x0000000088a00000, 0x0000000088a00000|100%| O|  |TAMS 0x0000000088900000, 0x0000000088900000| Untracked 
| 138|0x0000000088a00000, 0x0000000088b00000, 0x0000000088b00000|100%| O|  |TAMS 0x0000000088a00000, 0x0000000088a00000| Untracked 
| 139|0x0000000088b00000, 0x0000000088c00000, 0x0000000088c00000|100%| O|  |TAMS 0x0000000088b00000, 0x0000000088b00000| Untracked 
| 140|0x0000000088c00000, 0x0000000088d00000, 0x0000000088d00000|100%| O|  |TAMS 0x0000000088c00000, 0x0000000088c00000| Untracked 
| 141|0x0000000088d00000, 0x0000000088e00000, 0x0000000088e00000|100%| O|  |TAMS 0x0000000088d00000, 0x0000000088d00000| Untracked 
| 142|0x0000000088e00000, 0x0000000088f00000, 0x0000000088f00000|100%| O|  |TAMS 0x0000000088e00000, 0x0000000088e00000| Untracked 
| 143|0x0000000088f00000, 0x0000000089000000, 0x0000000089000000|100%| O|  |TAMS 0x0000000088f00000, 0x0000000088f00000| Untracked 
| 144|0x0000000089000000, 0x0000000089100000, 0x0000000089100000|100%| O|  |TAMS 0x0000000089000000, 0x0000000089000000| Untracked 
| 145|0x0000000089100000, 0x0000000089200000, 0x0000000089200000|100%| O|  |TAMS 0x0000000089100000, 0x0000000089100000| Untracked 
| 146|0x0000000089200000, 0x0000000089300000, 0x0000000089300000|100%| O|  |TAMS 0x0000000089200000, 0x0000000089200000| Untracked 
| 147|0x0000000089300000, 0x0000000089400000, 0x0000000089400000|100%| O|  |TAMS 0x0000000089300000, 0x0000000089300000| Untracked 
| 148|0x0000000089400000, 0x0000000089500000, 0x0000000089500000|100%| O|  |TAMS 0x0000000089400000, 0x0000000089400000| Untracked 
| 149|0x0000000089500000, 0x0000000089600000, 0x0000000089600000|100%| O|  |TAMS 0x0000000089500000, 0x0000000089500000| Untracked 
| 150|0x0000000089600000, 0x0000000089700000, 0x0000000089700000|100%| O|  |TAMS 0x0000000089600000, 0x0000000089600000| Untracked 
| 151|0x0000000089700000, 0x0000000089800000, 0x0000000089800000|100%| O|  |TAMS 0x0000000089700000, 0x0000000089700000| Untracked 
| 152|0x0000000089800000, 0x0000000089900000, 0x0000000089900000|100%| O|  |TAMS 0x0000000089800000, 0x0000000089800000| Untracked 
| 153|0x0000000089900000, 0x0000000089a00000, 0x0000000089a00000|100%| O|  |TAMS 0x0000000089900000, 0x0000000089900000| Untracked 
| 154|0x0000000089a00000, 0x0000000089b00000, 0x0000000089b00000|100%| O|  |TAMS 0x0000000089a00000, 0x0000000089a00000| Untracked 
| 155|0x0000000089b00000, 0x0000000089c00000, 0x0000000089c00000|100%| O|  |TAMS 0x0000000089b00000, 0x0000000089b00000| Untracked 
| 156|0x0000000089c00000, 0x0000000089d00000, 0x0000000089d00000|100%| O|  |TAMS 0x0000000089c00000, 0x0000000089c00000| Untracked 
| 157|0x0000000089d00000, 0x0000000089e00000, 0x0000000089e00000|100%| O|  |TAMS 0x0000000089d00000, 0x0000000089d00000| Untracked 
| 158|0x0000000089e00000, 0x0000000089f00000, 0x0000000089f00000|100%| O|  |TAMS 0x0000000089e00000, 0x0000000089e00000| Untracked 
| 159|0x0000000089f00000, 0x000000008a000000, 0x000000008a000000|100%| O|  |TAMS 0x0000000089f00000, 0x0000000089f00000| Untracked 
| 160|0x000000008a000000, 0x000000008a100000, 0x000000008a100000|100%| O|  |TAMS 0x000000008a000000, 0x000000008a000000| Untracked 
| 161|0x000000008a100000, 0x000000008a200000, 0x000000008a200000|100%|HS|  |TAMS 0x000000008a100000, 0x000000008a100000| Complete 
| 162|0x000000008a200000, 0x000000008a300000, 0x000000008a300000|100%|HC|  |TAMS 0x000000008a200000, 0x000000008a200000| Complete 
| 163|0x000000008a300000, 0x000000008a400000, 0x000000008a400000|100%|HC|  |TAMS 0x000000008a300000, 0x000000008a300000| Complete 
| 164|0x000000008a400000, 0x000000008a500000, 0x000000008a500000|100%| O|  |TAMS 0x000000008a400000, 0x000000008a400000| Untracked 
| 165|0x000000008a500000, 0x000000008a600000, 0x000000008a600000|100%| O|  |TAMS 0x000000008a500000, 0x000000008a500000| Untracked 
| 166|0x000000008a600000, 0x000000008a700000, 0x000000008a700000|100%| O|  |TAMS 0x000000008a600000, 0x000000008a600000| Untracked 
| 167|0x000000008a700000, 0x000000008a800000, 0x000000008a800000|100%| O|  |TAMS 0x000000008a700000, 0x000000008a700000| Untracked 
| 168|0x000000008a800000, 0x000000008a900000, 0x000000008a900000|100%| O|  |TAMS 0x000000008a800000, 0x000000008a800000| Untracked 
| 169|0x000000008a900000, 0x000000008aa00000, 0x000000008aa00000|100%| O|  |TAMS 0x000000008a900000, 0x000000008a900000| Untracked 
| 170|0x000000008aa00000, 0x000000008ab00000, 0x000000008ab00000|100%| O|  |TAMS 0x000000008aa00000, 0x000000008aa00000| Untracked 
| 171|0x000000008ab00000, 0x000000008ac00000, 0x000000008ac00000|100%| O|  |TAMS 0x000000008ab00000, 0x000000008ab00000| Untracked 
| 172|0x000000008ac00000, 0x000000008ad00000, 0x000000008ad00000|100%| O|  |TAMS 0x000000008ac00000, 0x000000008ac00000| Untracked 
| 173|0x000000008ad00000, 0x000000008ae00000, 0x000000008ae00000|100%| O|  |TAMS 0x000000008ad00000, 0x000000008ad00000| Untracked 
| 174|0x000000008ae00000, 0x000000008af00000, 0x000000008af00000|100%| O|  |TAMS 0x000000008ae00000, 0x000000008ae00000| Untracked 
| 175|0x000000008af00000, 0x000000008b000000, 0x000000008b000000|100%| O|  |TAMS 0x000000008af00000, 0x000000008af00000| Untracked 
| 176|0x000000008b000000, 0x000000008b100000, 0x000000008b100000|100%| O|  |TAMS 0x000000008b000000, 0x000000008b000000| Untracked 
| 177|0x000000008b100000, 0x000000008b200000, 0x000000008b200000|100%| O|  |TAMS 0x000000008b100000, 0x000000008b100000| Untracked 
| 178|0x000000008b200000, 0x000000008b300000, 0x000000008b300000|100%| O|  |TAMS 0x000000008b200000, 0x000000008b200000| Untracked 
| 179|0x000000008b300000, 0x000000008b400000, 0x000000008b400000|100%| O|  |TAMS 0x000000008b300000, 0x000000008b300000| Untracked 
| 180|0x000000008b400000, 0x000000008b500000, 0x000000008b500000|100%| O|  |TAMS 0x000000008b400000, 0x000000008b400000| Untracked 
| 181|0x000000008b500000, 0x000000008b600000, 0x000000008b600000|100%| O|  |TAMS 0x000000008b500000, 0x000000008b500000| Untracked 
| 182|0x000000008b600000, 0x000000008b700000, 0x000000008b700000|100%| O|  |TAMS 0x000000008b600000, 0x000000008b600000| Untracked 
| 183|0x000000008b700000, 0x000000008b800000, 0x000000008b800000|100%| O|  |TAMS 0x000000008b700000, 0x000000008b700000| Untracked 
| 184|0x000000008b800000, 0x000000008b900000, 0x000000008b900000|100%| O|  |TAMS 0x000000008b800000, 0x000000008b800000| Untracked 
| 185|0x000000008b900000, 0x000000008ba00000, 0x000000008ba00000|100%| O|  |TAMS 0x000000008b900000, 0x000000008b900000| Untracked 
| 186|0x000000008ba00000, 0x000000008bb00000, 0x000000008bb00000|100%| O|  |TAMS 0x000000008ba00000, 0x000000008ba00000| Untracked 
| 187|0x000000008bb00000, 0x000000008bc00000, 0x000000008bc00000|100%| O|  |TAMS 0x000000008bb00000, 0x000000008bb00000| Untracked 
| 188|0x000000008bc00000, 0x000000008bd00000, 0x000000008bd00000|100%| O|  |TAMS 0x000000008bc00000, 0x000000008bc00000| Untracked 
| 189|0x000000008bd00000, 0x000000008bd5ca00, 0x000000008be00000| 36%| O|  |TAMS 0x000000008bd00000, 0x000000008bd00000| Untracked 
| 190|0x000000008be00000, 0x000000008be00000, 0x000000008bf00000|  0%| F|  |TAMS 0x000000008be00000, 0x000000008be00000| Untracked 
| 191|0x000000008bf00000, 0x000000008bf00000, 0x000000008c000000|  0%| F|  |TAMS 0x000000008bf00000, 0x000000008bf00000| Untracked 
| 192|0x000000008c000000, 0x000000008c000000, 0x000000008c100000|  0%| F|  |TAMS 0x000000008c000000, 0x000000008c000000| Untracked 
| 193|0x000000008c100000, 0x000000008c100000, 0x000000008c200000|  0%| F|  |TAMS 0x000000008c100000, 0x000000008c100000| Untracked 
| 194|0x000000008c200000, 0x000000008c200000, 0x000000008c300000|  0%| F|  |TAMS 0x000000008c200000, 0x000000008c200000| Untracked 
| 195|0x000000008c300000, 0x000000008c300000, 0x000000008c400000|  0%| F|  |TAMS 0x000000008c300000, 0x000000008c300000| Untracked 
| 196|0x000000008c400000, 0x000000008c400000, 0x000000008c500000|  0%| F|  |TAMS 0x000000008c400000, 0x000000008c400000| Untracked 
| 197|0x000000008c500000, 0x000000008c500000, 0x000000008c600000|  0%| F|  |TAMS 0x000000008c500000, 0x000000008c500000| Untracked 
| 198|0x000000008c600000, 0x000000008c600000, 0x000000008c700000|  0%| F|  |TAMS 0x000000008c600000, 0x000000008c600000| Untracked 
| 199|0x000000008c700000, 0x000000008c700000, 0x000000008c800000|  0%| F|  |TAMS 0x000000008c700000, 0x000000008c700000| Untracked 
| 200|0x000000008c800000, 0x000000008c800000, 0x000000008c900000|  0%| F|  |TAMS 0x000000008c800000, 0x000000008c800000| Untracked 
| 201|0x000000008c900000, 0x000000008c900000, 0x000000008ca00000|  0%| F|  |TAMS 0x000000008c900000, 0x000000008c900000| Untracked 
| 202|0x000000008ca00000, 0x000000008ca00000, 0x000000008cb00000|  0%| F|  |TAMS 0x000000008ca00000, 0x000000008ca00000| Untracked 
| 203|0x000000008cb00000, 0x000000008cb00000, 0x000000008cc00000|  0%| F|  |TAMS 0x000000008cb00000, 0x000000008cb00000| Untracked 
| 204|0x000000008cc00000, 0x000000008cc00000, 0x000000008cd00000|  0%| F|  |TAMS 0x000000008cc00000, 0x000000008cc00000| Untracked 
| 205|0x000000008cd00000, 0x000000008cd00000, 0x000000008ce00000|  0%| F|  |TAMS 0x000000008cd00000, 0x000000008cd00000| Untracked 
| 206|0x000000008ce00000, 0x000000008ce00000, 0x000000008cf00000|  0%| F|  |TAMS 0x000000008ce00000, 0x000000008ce00000| Untracked 
| 207|0x000000008cf00000, 0x000000008cf00000, 0x000000008d000000|  0%| F|  |TAMS 0x000000008cf00000, 0x000000008cf00000| Untracked 
| 208|0x000000008d000000, 0x000000008d000000, 0x000000008d100000|  0%| F|  |TAMS 0x000000008d000000, 0x000000008d000000| Untracked 
| 209|0x000000008d100000, 0x000000008d100000, 0x000000008d200000|  0%| F|  |TAMS 0x000000008d100000, 0x000000008d100000| Untracked 
| 210|0x000000008d200000, 0x000000008d200000, 0x000000008d300000|  0%| F|  |TAMS 0x000000008d200000, 0x000000008d200000| Untracked 
| 211|0x000000008d300000, 0x000000008d300000, 0x000000008d400000|  0%| F|  |TAMS 0x000000008d300000, 0x000000008d300000| Untracked 
| 212|0x000000008d400000, 0x000000008d400000, 0x000000008d500000|  0%| F|  |TAMS 0x000000008d400000, 0x000000008d400000| Untracked 
| 213|0x000000008d500000, 0x000000008d500000, 0x000000008d600000|  0%| F|  |TAMS 0x000000008d500000, 0x000000008d500000| Untracked 
| 214|0x000000008d600000, 0x000000008d600000, 0x000000008d700000|  0%| F|  |TAMS 0x000000008d600000, 0x000000008d600000| Untracked 
| 215|0x000000008d700000, 0x000000008d700000, 0x000000008d800000|  0%| F|  |TAMS 0x000000008d700000, 0x000000008d700000| Untracked 
| 216|0x000000008d800000, 0x000000008d800000, 0x000000008d900000|  0%| F|  |TAMS 0x000000008d800000, 0x000000008d800000| Untracked 
| 217|0x000000008d900000, 0x000000008d900000, 0x000000008da00000|  0%| F|  |TAMS 0x000000008d900000, 0x000000008d900000| Untracked 
| 218|0x000000008da00000, 0x000000008da00000, 0x000000008db00000|  0%| F|  |TAMS 0x000000008da00000, 0x000000008da00000| Untracked 
| 219|0x000000008db00000, 0x000000008db00000, 0x000000008dc00000|  0%| F|  |TAMS 0x000000008db00000, 0x000000008db00000| Untracked 
| 220|0x000000008dc00000, 0x000000008dc00000, 0x000000008dd00000|  0%| F|  |TAMS 0x000000008dc00000, 0x000000008dc00000| Untracked 
| 221|0x000000008dd00000, 0x000000008dd00000, 0x000000008de00000|  0%| F|  |TAMS 0x000000008dd00000, 0x000000008dd00000| Untracked 
| 222|0x000000008de00000, 0x000000008de00000, 0x000000008df00000|  0%| F|  |TAMS 0x000000008de00000, 0x000000008de00000| Untracked 
| 223|0x000000008df00000, 0x000000008df00000, 0x000000008e000000|  0%| F|  |TAMS 0x000000008df00000, 0x000000008df00000| Untracked 
| 224|0x000000008e000000, 0x000000008e000000, 0x000000008e100000|  0%| F|  |TAMS 0x000000008e000000, 0x000000008e000000| Untracked 
| 225|0x000000008e100000, 0x000000008e100000, 0x000000008e200000|  0%| F|  |TAMS 0x000000008e100000, 0x000000008e100000| Untracked 
| 226|0x000000008e200000, 0x000000008e200000, 0x000000008e300000|  0%| F|  |TAMS 0x000000008e200000, 0x000000008e200000| Untracked 
| 227|0x000000008e300000, 0x000000008e300000, 0x000000008e400000|  0%| F|  |TAMS 0x000000008e300000, 0x000000008e300000| Untracked 
| 228|0x000000008e400000, 0x000000008e400000, 0x000000008e500000|  0%| F|  |TAMS 0x000000008e400000, 0x000000008e400000| Untracked 
| 229|0x000000008e500000, 0x000000008e500000, 0x000000008e600000|  0%| F|  |TAMS 0x000000008e500000, 0x000000008e500000| Untracked 
| 230|0x000000008e600000, 0x000000008e600000, 0x000000008e700000|  0%| F|  |TAMS 0x000000008e600000, 0x000000008e600000| Untracked 
| 231|0x000000008e700000, 0x000000008e700000, 0x000000008e800000|  0%| F|  |TAMS 0x000000008e700000, 0x000000008e700000| Untracked 
| 232|0x000000008e800000, 0x000000008e800000, 0x000000008e900000|  0%| F|  |TAMS 0x000000008e800000, 0x000000008e800000| Untracked 
| 233|0x000000008e900000, 0x000000008e900000, 0x000000008ea00000|  0%| F|  |TAMS 0x000000008e900000, 0x000000008e900000| Untracked 
| 234|0x000000008ea00000, 0x000000008ea00000, 0x000000008eb00000|  0%| F|  |TAMS 0x000000008ea00000, 0x000000008ea00000| Untracked 
| 235|0x000000008eb00000, 0x000000008eb00000, 0x000000008ec00000|  0%| F|  |TAMS 0x000000008eb00000, 0x000000008eb00000| Untracked 
| 236|0x000000008ec00000, 0x000000008ec00000, 0x000000008ed00000|  0%| F|  |TAMS 0x000000008ec00000, 0x000000008ec00000| Untracked 
| 237|0x000000008ed00000, 0x000000008ed00000, 0x000000008ee00000|  0%| F|  |TAMS 0x000000008ed00000, 0x000000008ed00000| Untracked 
| 238|0x000000008ee00000, 0x000000008ee00000, 0x000000008ef00000|  0%| F|  |TAMS 0x000000008ee00000, 0x000000008ee00000| Untracked 
| 239|0x000000008ef00000, 0x000000008ef00000, 0x000000008f000000|  0%| F|  |TAMS 0x000000008ef00000, 0x000000008ef00000| Untracked 
| 240|0x000000008f000000, 0x000000008f000000, 0x000000008f100000|  0%| F|  |TAMS 0x000000008f000000, 0x000000008f000000| Untracked 
| 241|0x000000008f100000, 0x000000008f100000, 0x000000008f200000|  0%| F|  |TAMS 0x000000008f100000, 0x000000008f100000| Untracked 
| 242|0x000000008f200000, 0x000000008f200000, 0x000000008f300000|  0%| F|  |TAMS 0x000000008f200000, 0x000000008f200000| Untracked 
| 243|0x000000008f300000, 0x000000008f300000, 0x000000008f400000|  0%| F|  |TAMS 0x000000008f300000, 0x000000008f300000| Untracked 
| 244|0x000000008f400000, 0x000000008f400000, 0x000000008f500000|  0%| F|  |TAMS 0x000000008f400000, 0x000000008f400000| Untracked 
| 245|0x000000008f500000, 0x000000008f500000, 0x000000008f600000|  0%| F|  |TAMS 0x000000008f500000, 0x000000008f500000| Untracked 
| 246|0x000000008f600000, 0x000000008f600000, 0x000000008f700000|  0%| F|  |TAMS 0x000000008f600000, 0x000000008f600000| Untracked 
| 247|0x000000008f700000, 0x000000008f700000, 0x000000008f800000|  0%| F|  |TAMS 0x000000008f700000, 0x000000008f700000| Untracked 
| 248|0x000000008f800000, 0x000000008f800000, 0x000000008f900000|  0%| F|  |TAMS 0x000000008f800000, 0x000000008f800000| Untracked 
| 249|0x000000008f900000, 0x000000008f900000, 0x000000008fa00000|  0%| F|  |TAMS 0x000000008f900000, 0x000000008f900000| Untracked 
| 250|0x000000008fa00000, 0x000000008fa00000, 0x000000008fb00000|  0%| F|  |TAMS 0x000000008fa00000, 0x000000008fa00000| Untracked 
| 251|0x000000008fb00000, 0x000000008fb00000, 0x000000008fc00000|  0%| F|  |TAMS 0x000000008fb00000, 0x000000008fb00000| Untracked 
| 252|0x000000008fc00000, 0x000000008fc00000, 0x000000008fd00000|  0%| F|  |TAMS 0x000000008fc00000, 0x000000008fc00000| Untracked 
| 253|0x000000008fd00000, 0x000000008fd00000, 0x000000008fe00000|  0%| F|  |TAMS 0x000000008fd00000, 0x000000008fd00000| Untracked 
| 254|0x000000008fe00000, 0x000000008fecd590, 0x000000008ff00000| 80%| S|CS|TAMS 0x000000008fe00000, 0x000000008fe00000| Complete 
| 255|0x000000008ff00000, 0x0000000090000000, 0x0000000090000000|100%| S|CS|TAMS 0x000000008ff00000, 0x000000008ff00000| Complete 
| 256|0x0000000090000000, 0x0000000090100000, 0x0000000090100000|100%| S|CS|TAMS 0x0000000090000000, 0x0000000090000000| Complete 
| 257|0x0000000090100000, 0x0000000090200000, 0x0000000090200000|100%| S|CS|TAMS 0x0000000090100000, 0x0000000090100000| Complete 
| 258|0x0000000090200000, 0x0000000090300000, 0x0000000090300000|100%| S|CS|TAMS 0x0000000090200000, 0x0000000090200000| Complete 
| 259|0x0000000090300000, 0x0000000090300000, 0x0000000090400000|  0%| F|  |TAMS 0x0000000090300000, 0x0000000090300000| Untracked 
| 260|0x0000000090400000, 0x0000000090400000, 0x0000000090500000|  0%| F|  |TAMS 0x0000000090400000, 0x0000000090400000| Untracked 
| 261|0x0000000090500000, 0x0000000090500000, 0x0000000090600000|  0%| F|  |TAMS 0x0000000090500000, 0x0000000090500000| Untracked 
| 262|0x0000000090600000, 0x0000000090600000, 0x0000000090700000|  0%| F|  |TAMS 0x0000000090600000, 0x0000000090600000| Untracked 
| 263|0x0000000090700000, 0x0000000090700000, 0x0000000090800000|  0%| F|  |TAMS 0x0000000090700000, 0x0000000090700000| Untracked 
| 264|0x0000000090800000, 0x0000000090800000, 0x0000000090900000|  0%| F|  |TAMS 0x0000000090800000, 0x0000000090800000| Untracked 
| 265|0x0000000090900000, 0x0000000090900000, 0x0000000090a00000|  0%| F|  |TAMS 0x0000000090900000, 0x0000000090900000| Untracked 
| 266|0x0000000090a00000, 0x0000000090a00000, 0x0000000090b00000|  0%| F|  |TAMS 0x0000000090a00000, 0x0000000090a00000| Untracked 
| 267|0x0000000090b00000, 0x0000000090b00000, 0x0000000090c00000|  0%| F|  |TAMS 0x0000000090b00000, 0x0000000090b00000| Untracked 
| 268|0x0000000090c00000, 0x0000000090c00000, 0x0000000090d00000|  0%| F|  |TAMS 0x0000000090c00000, 0x0000000090c00000| Untracked 
| 269|0x0000000090d00000, 0x0000000090d00000, 0x0000000090e00000|  0%| F|  |TAMS 0x0000000090d00000, 0x0000000090d00000| Untracked 
| 270|0x0000000090e00000, 0x0000000090e00000, 0x0000000090f00000|  0%| F|  |TAMS 0x0000000090e00000, 0x0000000090e00000| Untracked 
| 271|0x0000000090f00000, 0x0000000090f00000, 0x0000000091000000|  0%| F|  |TAMS 0x0000000090f00000, 0x0000000090f00000| Untracked 
| 272|0x0000000091000000, 0x0000000091000000, 0x0000000091100000|  0%| F|  |TAMS 0x0000000091000000, 0x0000000091000000| Untracked 
| 273|0x0000000091100000, 0x0000000091100000, 0x0000000091200000|  0%| F|  |TAMS 0x0000000091100000, 0x0000000091100000| Untracked 
| 274|0x0000000091200000, 0x0000000091200000, 0x0000000091300000|  0%| F|  |TAMS 0x0000000091200000, 0x0000000091200000| Untracked 
| 275|0x0000000091300000, 0x0000000091300000, 0x0000000091400000|  0%| F|  |TAMS 0x0000000091300000, 0x0000000091300000| Untracked 
| 276|0x0000000091400000, 0x0000000091400000, 0x0000000091500000|  0%| F|  |TAMS 0x0000000091400000, 0x0000000091400000| Untracked 
| 277|0x0000000091500000, 0x0000000091500000, 0x0000000091600000|  0%| F|  |TAMS 0x0000000091500000, 0x0000000091500000| Untracked 
| 278|0x0000000091600000, 0x0000000091600000, 0x0000000091700000|  0%| F|  |TAMS 0x0000000091600000, 0x0000000091600000| Untracked 
| 279|0x0000000091700000, 0x0000000091700000, 0x0000000091800000|  0%| F|  |TAMS 0x0000000091700000, 0x0000000091700000| Untracked 
| 280|0x0000000091800000, 0x0000000091800000, 0x0000000091900000|  0%| F|  |TAMS 0x0000000091800000, 0x0000000091800000| Untracked 
| 281|0x0000000091900000, 0x0000000091900000, 0x0000000091a00000|  0%| F|  |TAMS 0x0000000091900000, 0x0000000091900000| Untracked 
| 282|0x0000000091a00000, 0x0000000091a00000, 0x0000000091b00000|  0%| F|  |TAMS 0x0000000091a00000, 0x0000000091a00000| Untracked 
| 283|0x0000000091b00000, 0x0000000091b00000, 0x0000000091c00000|  0%| F|  |TAMS 0x0000000091b00000, 0x0000000091b00000| Untracked 
| 284|0x0000000091c00000, 0x0000000091c00000, 0x0000000091d00000|  0%| F|  |TAMS 0x0000000091c00000, 0x0000000091c00000| Untracked 
| 285|0x0000000091d00000, 0x0000000091d00000, 0x0000000091e00000|  0%| F|  |TAMS 0x0000000091d00000, 0x0000000091d00000| Untracked 
| 286|0x0000000091e00000, 0x0000000091e00000, 0x0000000091f00000|  0%| F|  |TAMS 0x0000000091e00000, 0x0000000091e00000| Untracked 
| 287|0x0000000091f00000, 0x0000000091f00000, 0x0000000092000000|  0%| F|  |TAMS 0x0000000091f00000, 0x0000000091f00000| Untracked 
| 288|0x0000000092000000, 0x0000000092000000, 0x0000000092100000|  0%| F|  |TAMS 0x0000000092000000, 0x0000000092000000| Untracked 
| 289|0x0000000092100000, 0x0000000092100000, 0x0000000092200000|  0%| F|  |TAMS 0x0000000092100000, 0x0000000092100000| Untracked 
| 290|0x0000000092200000, 0x0000000092200000, 0x0000000092300000|  0%| F|  |TAMS 0x0000000092200000, 0x0000000092200000| Untracked 
| 291|0x0000000092300000, 0x0000000092300000, 0x0000000092400000|  0%| F|  |TAMS 0x0000000092300000, 0x0000000092300000| Untracked 
| 292|0x0000000092400000, 0x0000000092400000, 0x0000000092500000|  0%| F|  |TAMS 0x0000000092400000, 0x0000000092400000| Untracked 
| 293|0x0000000092500000, 0x0000000092500000, 0x0000000092600000|  0%| F|  |TAMS 0x0000000092500000, 0x0000000092500000| Untracked 
| 294|0x0000000092600000, 0x0000000092600000, 0x0000000092700000|  0%| F|  |TAMS 0x0000000092600000, 0x0000000092600000| Untracked 
| 295|0x0000000092700000, 0x0000000092700000, 0x0000000092800000|  0%| F|  |TAMS 0x0000000092700000, 0x0000000092700000| Untracked 
| 296|0x0000000092800000, 0x0000000092800000, 0x0000000092900000|  0%| F|  |TAMS 0x0000000092800000, 0x0000000092800000| Untracked 
| 297|0x0000000092900000, 0x0000000092900000, 0x0000000092a00000|  0%| F|  |TAMS 0x0000000092900000, 0x0000000092900000| Untracked 
| 298|0x0000000092a00000, 0x0000000092a00000, 0x0000000092b00000|  0%| F|  |TAMS 0x0000000092a00000, 0x0000000092a00000| Untracked 
| 299|0x0000000092b00000, 0x0000000092b00000, 0x0000000092c00000|  0%| F|  |TAMS 0x0000000092b00000, 0x0000000092b00000| Untracked 
| 300|0x0000000092c00000, 0x0000000092c00000, 0x0000000092d00000|  0%| F|  |TAMS 0x0000000092c00000, 0x0000000092c00000| Untracked 
| 301|0x0000000092d00000, 0x0000000092d00000, 0x0000000092e00000|  0%| F|  |TAMS 0x0000000092d00000, 0x0000000092d00000| Untracked 
| 302|0x0000000092e00000, 0x0000000092e00000, 0x0000000092f00000|  0%| F|  |TAMS 0x0000000092e00000, 0x0000000092e00000| Untracked 
| 303|0x0000000092f00000, 0x0000000092f00000, 0x0000000093000000|  0%| F|  |TAMS 0x0000000092f00000, 0x0000000092f00000| Untracked 
| 304|0x0000000093000000, 0x0000000093000000, 0x0000000093100000|  0%| F|  |TAMS 0x0000000093000000, 0x0000000093000000| Untracked 
| 305|0x0000000093100000, 0x0000000093100000, 0x0000000093200000|  0%| F|  |TAMS 0x0000000093100000, 0x0000000093100000| Untracked 
| 306|0x0000000093200000, 0x0000000093200000, 0x0000000093300000|  0%| F|  |TAMS 0x0000000093200000, 0x0000000093200000| Untracked 
| 307|0x0000000093300000, 0x0000000093300000, 0x0000000093400000|  0%| F|  |TAMS 0x0000000093300000, 0x0000000093300000| Untracked 
| 308|0x0000000093400000, 0x0000000093400000, 0x0000000093500000|  0%| F|  |TAMS 0x0000000093400000, 0x0000000093400000| Untracked 
| 309|0x0000000093500000, 0x0000000093500000, 0x0000000093600000|  0%| F|  |TAMS 0x0000000093500000, 0x0000000093500000| Untracked 
| 310|0x0000000093600000, 0x0000000093600000, 0x0000000093700000|  0%| F|  |TAMS 0x0000000093600000, 0x0000000093600000| Untracked 
| 311|0x0000000093700000, 0x0000000093700000, 0x0000000093800000|  0%| F|  |TAMS 0x0000000093700000, 0x0000000093700000| Untracked 
| 312|0x0000000093800000, 0x0000000093800000, 0x0000000093900000|  0%| F|  |TAMS 0x0000000093800000, 0x0000000093800000| Untracked 
| 313|0x0000000093900000, 0x0000000093900000, 0x0000000093a00000|  0%| F|  |TAMS 0x0000000093900000, 0x0000000093900000| Untracked 
| 314|0x0000000093a00000, 0x0000000093a00000, 0x0000000093b00000|  0%| F|  |TAMS 0x0000000093a00000, 0x0000000093a00000| Untracked 
| 315|0x0000000093b00000, 0x0000000093b00000, 0x0000000093c00000|  0%| F|  |TAMS 0x0000000093b00000, 0x0000000093b00000| Untracked 
| 316|0x0000000093c00000, 0x0000000093c00000, 0x0000000093d00000|  0%| F|  |TAMS 0x0000000093c00000, 0x0000000093c00000| Untracked 
| 317|0x0000000093d00000, 0x0000000093d00000, 0x0000000093e00000|  0%| F|  |TAMS 0x0000000093d00000, 0x0000000093d00000| Untracked 
| 318|0x0000000093e00000, 0x0000000093e00000, 0x0000000093f00000|  0%| F|  |TAMS 0x0000000093e00000, 0x0000000093e00000| Untracked 
| 319|0x0000000093f00000, 0x0000000093f00000, 0x0000000094000000|  0%| F|  |TAMS 0x0000000093f00000, 0x0000000093f00000| Untracked 
| 320|0x0000000094000000, 0x0000000094000000, 0x0000000094100000|  0%| F|  |TAMS 0x0000000094000000, 0x0000000094000000| Untracked 
| 321|0x0000000094100000, 0x0000000094100000, 0x0000000094200000|  0%| F|  |TAMS 0x0000000094100000, 0x0000000094100000| Untracked 
| 322|0x0000000094200000, 0x0000000094200000, 0x0000000094300000|  0%| F|  |TAMS 0x0000000094200000, 0x0000000094200000| Untracked 
| 323|0x0000000094300000, 0x0000000094300000, 0x0000000094400000|  0%| F|  |TAMS 0x0000000094300000, 0x0000000094300000| Untracked 
| 324|0x0000000094400000, 0x0000000094400000, 0x0000000094500000|  0%| F|  |TAMS 0x0000000094400000, 0x0000000094400000| Untracked 
| 325|0x0000000094500000, 0x0000000094500000, 0x0000000094600000|  0%| F|  |TAMS 0x0000000094500000, 0x0000000094500000| Untracked 
| 326|0x0000000094600000, 0x0000000094600000, 0x0000000094700000|  0%| F|  |TAMS 0x0000000094600000, 0x0000000094600000| Untracked 
| 327|0x0000000094700000, 0x0000000094700000, 0x0000000094800000|  0%| F|  |TAMS 0x0000000094700000, 0x0000000094700000| Untracked 
| 328|0x0000000094800000, 0x0000000094800000, 0x0000000094900000|  0%| F|  |TAMS 0x0000000094800000, 0x0000000094800000| Untracked 
| 329|0x0000000094900000, 0x0000000094900000, 0x0000000094a00000|  0%| F|  |TAMS 0x0000000094900000, 0x0000000094900000| Untracked 
| 330|0x0000000094a00000, 0x0000000094a00000, 0x0000000094b00000|  0%| F|  |TAMS 0x0000000094a00000, 0x0000000094a00000| Untracked 
| 331|0x0000000094b00000, 0x0000000094b00000, 0x0000000094c00000|  0%| F|  |TAMS 0x0000000094b00000, 0x0000000094b00000| Untracked 
| 332|0x0000000094c00000, 0x0000000094c00000, 0x0000000094d00000|  0%| F|  |TAMS 0x0000000094c00000, 0x0000000094c00000| Untracked 
| 333|0x0000000094d00000, 0x0000000094d00000, 0x0000000094e00000|  0%| F|  |TAMS 0x0000000094d00000, 0x0000000094d00000| Untracked 
| 334|0x0000000094e00000, 0x0000000094e00000, 0x0000000094f00000|  0%| F|  |TAMS 0x0000000094e00000, 0x0000000094e00000| Untracked 
| 335|0x0000000094f00000, 0x0000000094f00000, 0x0000000095000000|  0%| F|  |TAMS 0x0000000094f00000, 0x0000000094f00000| Untracked 
| 336|0x0000000095000000, 0x0000000095000000, 0x0000000095100000|  0%| F|  |TAMS 0x0000000095000000, 0x0000000095000000| Untracked 
| 337|0x0000000095100000, 0x0000000095100000, 0x0000000095200000|  0%| F|  |TAMS 0x0000000095100000, 0x0000000095100000| Untracked 
| 338|0x0000000095200000, 0x0000000095200000, 0x0000000095300000|  0%| F|  |TAMS 0x0000000095200000, 0x0000000095200000| Untracked 
| 339|0x0000000095300000, 0x0000000095300000, 0x0000000095400000|  0%| F|  |TAMS 0x0000000095300000, 0x0000000095300000| Untracked 
| 340|0x0000000095400000, 0x0000000095400000, 0x0000000095500000|  0%| F|  |TAMS 0x0000000095400000, 0x0000000095400000| Untracked 
| 341|0x0000000095500000, 0x0000000095500000, 0x0000000095600000|  0%| F|  |TAMS 0x0000000095500000, 0x0000000095500000| Untracked 
| 342|0x0000000095600000, 0x0000000095600000, 0x0000000095700000|  0%| F|  |TAMS 0x0000000095600000, 0x0000000095600000| Untracked 
| 343|0x0000000095700000, 0x0000000095700000, 0x0000000095800000|  0%| F|  |TAMS 0x0000000095700000, 0x0000000095700000| Untracked 
| 344|0x0000000095800000, 0x0000000095800000, 0x0000000095900000|  0%| F|  |TAMS 0x0000000095800000, 0x0000000095800000| Untracked 
| 345|0x0000000095900000, 0x0000000095900000, 0x0000000095a00000|  0%| F|  |TAMS 0x0000000095900000, 0x0000000095900000| Untracked 
| 346|0x0000000095a00000, 0x0000000095a00000, 0x0000000095b00000|  0%| F|  |TAMS 0x0000000095a00000, 0x0000000095a00000| Untracked 
| 347|0x0000000095b00000, 0x0000000095b00000, 0x0000000095c00000|  0%| F|  |TAMS 0x0000000095b00000, 0x0000000095b00000| Untracked 
| 348|0x0000000095c00000, 0x0000000095c00000, 0x0000000095d00000|  0%| F|  |TAMS 0x0000000095c00000, 0x0000000095c00000| Untracked 
| 510|0x000000009fe00000, 0x000000009fe00000, 0x000000009ff00000|  0%| F|  |TAMS 0x000000009fe00000, 0x000000009fe00000| Untracked 
| 511|0x000000009ff00000, 0x000000009ff00000, 0x00000000a0000000|  0%| F|  |TAMS 0x000000009ff00000, 0x000000009ff00000| Untracked 

Card table byte_map: [0x0000025b17a40000,0x0000025b17e40000] _byte_map_base: 0x0000025b17640000

Marking Bits (Prev, Next): (CMBitMap*) 0x0000025b7fe90130, (CMBitMap*) 0x0000025b7fe900f0
 Prev Bits: [0x0000025b1a240000, 0x0000025b1c240000)
 Next Bits: [0x0000025b18240000, 0x0000025b1a240000)

Polling page: 0x0000025b7e4e0000

Metaspace:

Usage:
  Non-class:    123.11 MB used.
      Class:     17.80 MB used.
       Both:    140.91 MB used.

Virtual space:
  Non-class space:      128.00 MB reserved,     123.62 MB ( 97%) committed,  2 nodes.
      Class space:      416.00 MB reserved,      18.25 MB (  4%) committed,  1 nodes.
             Both:      544.00 MB reserved,     141.88 MB ( 26%) committed. 

Chunk freelists:
   Non-Class:  3.97 MB
       Class:  13.79 MB
        Both:  17.76 MB

MaxMetaspaceSize: 512.00 MB
CompressedClassSpaceSize: 416.00 MB
Initial GC threshold: 21.00 MB
Current GC threshold: 205.56 MB
CDS: on
MetaspaceReclaimPolicy: balanced
 - commit_granule_bytes: 65536.
 - commit_granule_words: 8192.
 - virtual_space_node_default_size: 8388608.
 - enlarge_chunks_in_place: 1.
 - new_chunks_are_fully_committed: 0.
 - uncommit_free_chunks: 1.
 - use_allocation_guard: 0.
 - handle_deallocations: 1.


Internal statistics:

num_allocs_failed_limit: 12.
num_arena_births: 1404.
num_arena_deaths: 2.
num_vsnodes_births: 3.
num_vsnodes_deaths: 0.
num_space_committed: 2268.
num_space_uncommitted: 0.
num_chunks_returned_to_freelist: 16.
num_chunks_taken_from_freelist: 6608.
num_chunk_merges: 12.
num_chunk_splits: 4984.
num_chunks_enlarged: 3966.
num_inconsistent_stats: 0.

CodeHeap 'non-profiled nmethods': size=120000Kb used=10900Kb max_used=10900Kb free=109099Kb
 bounds [0x0000025b0f570000, 0x0000025b10020000, 0x0000025b16aa0000]
CodeHeap 'profiled nmethods': size=120000Kb used=30180Kb max_used=30180Kb free=89819Kb
 bounds [0x0000025b07aa0000, 0x0000025b09820000, 0x0000025b0efd0000]
CodeHeap 'non-nmethods': size=5760Kb used=1963Kb max_used=2023Kb free=3796Kb
 bounds [0x0000025b0efd0000, 0x0000025b0f240000, 0x0000025b0f570000]
 total_blobs=16157 nmethods=15058 adapters=1008
 compilation: enabled
              stopped_count=0, restarted_count=0
 full_count=0

Compilation events (20 events):
Event: 56.784 Thread 0x0000025b1e7ce970 nmethod 19005 0x0000025b10012c10 code [0x0000025b10012dc0, 0x0000025b100134e8]
Event: 56.785 Thread 0x0000025b1e7ce970 19007       4       java.util.Spliterators$ArraySpliterator::forEachRemaining (68 bytes)
Event: 56.787 Thread 0x0000025b1e7ce970 nmethod 19007 0x0000025b10013810 code [0x0000025b100139c0, 0x0000025b10013d18]
Event: 56.787 Thread 0x0000025b1e7ce970 18997       4       java.util.Spliterators::checkFromToBounds (74 bytes)
Event: 56.788 Thread 0x0000025b1e7ce970 nmethod 18997 0x0000025b10014090 code [0x0000025b10014220, 0x0000025b100142d8]
Event: 56.788 Thread 0x0000025b1e7ce970 18999       4       java.util.Spliterators::spliterator (25 bytes)
Event: 56.789 Thread 0x0000025b1e7ce970 nmethod 18999 0x0000025b10014390 code [0x0000025b10014520, 0x0000025b10014698]
Event: 56.789 Thread 0x0000025b1e7ce970 19010       4       com.google.common.collect.ImmutableList::asImmutableList (69 bytes)
Event: 56.790 Thread 0x0000025b1e7db360 19011       3       org.gradle.internal.vfs.impl.DefaultFileSystemAccess$$Lambda$552/0x0000025b2049a5d8::<init> (15 bytes)
Event: 56.790 Thread 0x0000025b1e7db360 nmethod 19011 0x0000025b09817110 code [0x0000025b098172c0, 0x0000025b098174d8]
Event: 56.790 Thread 0x0000025b1e7db360 19012       3       org.gradle.internal.vfs.impl.DefaultFileSystemAccess::readSnapshotFromLocation (27 bytes)
Event: 56.791 Thread 0x0000025b1e7db360 nmethod 19012 0x0000025b09817590 code [0x0000025b09817840, 0x0000025b098188c8]
Event: 56.791 Thread 0x0000025b1e7ce970 nmethod 19010 0x0000025b10014810 code [0x0000025b100149a0, 0x0000025b10014d98]
Event: 56.791 Thread 0x0000025b1e7ce970 19013       4       java.util.stream.ReduceOps$3ReducingSink::begin (14 bytes)
Event: 56.792 Thread 0x0000025b1e7ce970 nmethod 19013 0x0000025b10014f90 code [0x0000025b10015120, 0x0000025b10015278]
Event: 56.792 Thread 0x0000025b1e7ce970 19002       4       org.gradle.api.internal.initialization.transform.InstrumentationAnalysisTransform$$Lambda$2493/0x0000025b20f91c30::visit (13 bytes)
Event: 56.792 Thread 0x0000025b1e7db360 19014       3       org.gradle.internal.vfs.impl.DefaultFileSystemAccess$$Lambda$574/0x0000025b204a8658::<init> (10 bytes)
Event: 56.792 Thread 0x0000025b1e7db360 nmethod 19014 0x0000025b09818e90 code [0x0000025b09819040, 0x0000025b098191f8]
Event: 56.793 Thread 0x0000025b1e7db360 19015       3       java.util.Optional::ifPresent (18 bytes)
Event: 56.793 Thread 0x0000025b1e7db360 nmethod 19015 0x0000025b09819290 code [0x0000025b09819440, 0x0000025b09819648]

GC Heap History (20 events):
Event: 39.993 GC heap after
{Heap after GC invocations=72 (full 0):
 garbage-first heap   total 352256K, used 124027K [0x0000000080000000, 0x0000000100000000)
  region size 1024K, 8 young (8192K), 8 survivors (8192K)
 Metaspace       used 125151K, committed 126016K, reserved 557056K
  class space    used 16078K, committed 16448K, reserved 425984K
}
Event: 40.196 GC heap before
{Heap before GC invocations=72 (full 0):
 garbage-first heap   total 352256K, used 294011K [0x0000000080000000, 0x0000000100000000)
  region size 1024K, 174 young (178176K), 8 survivors (8192K)
 Metaspace       used 125184K, committed 126080K, reserved 557056K
  class space    used 16082K, committed 16448K, reserved 425984K
}
Event: 40.198 GC heap after
{Heap after GC invocations=73 (full 0):
 garbage-first heap   total 352256K, used 109538K [0x0000000080000000, 0x0000000100000000)
  region size 1024K, 2 young (2048K), 2 survivors (2048K)
 Metaspace       used 125184K, committed 126080K, reserved 557056K
  class space    used 16082K, committed 16448K, reserved 425984K
}
Event: 40.472 GC heap before
{Heap before GC invocations=73 (full 0):
 garbage-first heap   total 352256K, used 235490K [0x0000000080000000, 0x0000000100000000)
  region size 1024K, 126 young (129024K), 2 survivors (2048K)
 Metaspace       used 125332K, committed 126272K, reserved 557056K
  class space    used 16100K, committed 16512K, reserved 425984K
}
Event: 40.475 GC heap after
{Heap after GC invocations=74 (full 0):
 garbage-first heap   total 352256K, used 108955K [0x0000000080000000, 0x0000000100000000)
  region size 1024K, 1 young (1024K), 1 survivors (1024K)
 Metaspace       used 125332K, committed 126272K, reserved 557056K
  class space    used 16100K, committed 16512K, reserved 425984K
}
Event: 41.097 GC heap before
{Heap before GC invocations=75 (full 0):
 garbage-first heap   total 352256K, used 295678K [0x0000000080000000, 0x0000000100000000)
  region size 1024K, 188 young (192512K), 1 survivors (1024K)
 Metaspace       used 128852K, committed 129792K, reserved 557056K
  class space    used 16443K, committed 16896K, reserved 425984K
}
Event: 41.101 GC heap after
{Heap after GC invocations=76 (full 0):
 garbage-first heap   total 352256K, used 104514K [0x0000000080000000, 0x0000000100000000)
  region size 1024K, 10 young (10240K), 10 survivors (10240K)
 Metaspace       used 128852K, committed 129792K, reserved 557056K
  class space    used 16443K, committed 16896K, reserved 425984K
}
Event: 41.107 GC heap before
{Heap before GC invocations=76 (full 0):
 garbage-first heap   total 352256K, used 111682K [0x0000000080000000, 0x0000000100000000)
  region size 1024K, 17 young (17408K), 10 survivors (10240K)
 Metaspace       used 128852K, committed 129792K, reserved 557056K
  class space    used 16443K, committed 16896K, reserved 425984K
}
Event: 41.112 GC heap after
{Heap after GC invocations=77 (full 0):
 garbage-first heap   total 352256K, used 88945K [0x0000000080000000, 0x0000000100000000)
  region size 1024K, 3 young (3072K), 3 survivors (3072K)
 Metaspace       used 128852K, committed 129792K, reserved 557056K
  class space    used 16443K, committed 16896K, reserved 425984K
}
Event: 41.576 GC heap before
{Heap before GC invocations=77 (full 0):
 garbage-first heap   total 352256K, used 302961K [0x0000000080000000, 0x0000000100000000)
  region size 1024K, 202 young (206848K), 3 survivors (3072K)
 Metaspace       used 129722K, committed 130624K, reserved 557056K
  class space    used 16448K, committed 16896K, reserved 425984K
}
Event: 41.594 GC heap after
{Heap after GC invocations=78 (full 0):
 garbage-first heap   total 352256K, used 135577K [0x0000000080000000, 0x0000000100000000)
  region size 1024K, 26 young (26624K), 26 survivors (26624K)
 Metaspace       used 129722K, committed 130624K, reserved 557056K
  class space    used 16448K, committed 16896K, reserved 425984K
}
Event: 42.352 GC heap before
{Heap before GC invocations=78 (full 0):
 garbage-first heap   total 352256K, used 262553K [0x0000000080000000, 0x0000000100000000)
  region size 1024K, 150 young (153600K), 26 survivors (26624K)
 Metaspace       used 139681K, committed 140608K, reserved 557056K
  class space    used 17697K, committed 18112K, reserved 425984K
}
Event: 42.363 GC heap after
{Heap after GC invocations=79 (full 0):
 garbage-first heap   total 352256K, used 144324K [0x0000000080000000, 0x0000000100000000)
  region size 1024K, 7 young (7168K), 7 survivors (7168K)
 Metaspace       used 139681K, committed 140608K, reserved 557056K
  class space    used 17697K, committed 18112K, reserved 425984K
}
Event: 42.853 GC heap before
{Heap before GC invocations=79 (full 0):
 garbage-first heap   total 352256K, used 270276K [0x0000000080000000, 0x0000000100000000)
  region size 1024K, 129 young (132096K), 7 survivors (7168K)
 Metaspace       used 142246K, committed 143232K, reserved 557056K
  class space    used 18101K, committed 18560K, reserved 425984K
}
Event: 42.869 GC heap after
{Heap after GC invocations=80 (full 0):
 garbage-first heap   total 352256K, used 180303K [0x0000000080000000, 0x0000000100000000)
  region size 1024K, 17 young (17408K), 17 survivors (17408K)
 Metaspace       used 142246K, committed 143232K, reserved 557056K
  class space    used 18101K, committed 18560K, reserved 425984K
}
Event: 56.523 GC heap before
{Heap before GC invocations=80 (full 0):
 garbage-first heap   total 352256K, used 268367K [0x0000000080000000, 0x0000000100000000)
  region size 1024K, 100 young (102400K), 17 survivors (17408K)
 Metaspace       used 144233K, committed 145216K, reserved 557056K
  class space    used 18225K, committed 18688K, reserved 425984K
}
Event: 56.534 GC heap after
{Heap after GC invocations=81 (full 0):
 garbage-first heap   total 352256K, used 192853K [0x0000000080000000, 0x0000000100000000)
  region size 1024K, 8 young (8192K), 8 survivors (8192K)
 Metaspace       used 144233K, committed 145216K, reserved 557056K
  class space    used 18225K, committed 18688K, reserved 425984K
}
Event: 56.653 GC heap before
{Heap before GC invocations=81 (full 0):
 garbage-first heap   total 352256K, used 273749K [0x0000000080000000, 0x0000000100000000)
  region size 1024K, 88 young (90112K), 8 survivors (8192K)
 Metaspace       used 144263K, committed 145216K, reserved 557056K
  class space    used 18227K, committed 18688K, reserved 425984K
}
Event: 56.657 GC heap after
{Heap after GC invocations=82 (full 0):
 garbage-first heap   total 352256K, used 196415K [0x0000000080000000, 0x0000000100000000)
  region size 1024K, 3 young (3072K), 3 survivors (3072K)
 Metaspace       used 144263K, committed 145216K, reserved 557056K
  class space    used 18227K, committed 18688K, reserved 425984K
}
Event: 56.850 GC heap before
{Heap before GC invocations=82 (full 0):
 garbage-first heap   total 352256K, used 279359K [0x0000000080000000, 0x0000000100000000)
  region size 1024K, 85 young (87040K), 3 survivors (3072K)
 Metaspace       used 144293K, committed 145280K, reserved 557056K
  class space    used 18227K, committed 18688K, reserved 425984K
}

Dll operation events (15 events):
Event: 0.006 Loaded shared library C:\Program Files\Microsoft\jdk-17.0.16.8-hotspot\bin\java.dll
Event: 0.018 Loaded shared library C:\Program Files\Microsoft\jdk-17.0.16.8-hotspot\bin\jsvml.dll
Event: 0.047 Loaded shared library C:\Program Files\Microsoft\jdk-17.0.16.8-hotspot\bin\zip.dll
Event: 0.049 Loaded shared library C:\Program Files\Microsoft\jdk-17.0.16.8-hotspot\bin\instrument.dll
Event: 0.051 Loaded shared library C:\Program Files\Microsoft\jdk-17.0.16.8-hotspot\bin\net.dll
Event: 0.052 Loaded shared library C:\Program Files\Microsoft\jdk-17.0.16.8-hotspot\bin\nio.dll
Event: 0.054 Loaded shared library C:\Program Files\Microsoft\jdk-17.0.16.8-hotspot\bin\zip.dll
Event: 0.225 Loaded shared library C:\Program Files\Microsoft\jdk-17.0.16.8-hotspot\bin\jimage.dll
Event: 0.320 Loaded shared library C:\Program Files\Microsoft\jdk-17.0.16.8-hotspot\bin\verify.dll
Event: 0.335 Loaded shared library D:\gradle_home\native\660c5614fbf4a5f2a75b1949f50a0caf5cd603558e7d8a26e50b933a0cfb79d1\windows-amd64\native-platform.dll
Event: 0.396 Loaded shared library D:\gradle_home\native\0.2.8\x86_64-windows-gnu\gradle-fileevents.dll
Event: 17.273 Loaded shared library C:\Program Files\Microsoft\jdk-17.0.16.8-hotspot\bin\management.dll
Event: 17.276 Loaded shared library C:\Program Files\Microsoft\jdk-17.0.16.8-hotspot\bin\management_ext.dll
Event: 17.433 Loaded shared library C:\Program Files\Microsoft\jdk-17.0.16.8-hotspot\bin\extnet.dll
Event: 17.600 Loaded shared library C:\Program Files\Microsoft\jdk-17.0.16.8-hotspot\bin\sunmscapi.dll

Deoptimization events (20 events):
Event: 56.658 Thread 0x0000025b416c4d40 DEOPT PACKING pc=0x0000025b097cc258 sp=0x000000f018efaea0
Event: 56.658 Thread 0x0000025b416c4d40 DEOPT UNPACKING pc=0x0000025b0f027143 sp=0x000000f018efa380 mode 0
Event: 56.659 Thread 0x0000025b416c4d40 DEOPT PACKING pc=0x0000025b097cc258 sp=0x000000f018efaea0
Event: 56.659 Thread 0x0000025b416c4d40 DEOPT UNPACKING pc=0x0000025b0f027143 sp=0x000000f018efa380 mode 0
Event: 56.661 Thread 0x0000025b416c4d40 DEOPT PACKING pc=0x0000025b097cc258 sp=0x000000f018efaea0
Event: 56.661 Thread 0x0000025b416c4d40 DEOPT UNPACKING pc=0x0000025b0f027143 sp=0x000000f018efa380 mode 0
Event: 56.663 Thread 0x0000025b416c4d40 DEOPT PACKING pc=0x0000025b097cc258 sp=0x000000f018efaea0
Event: 56.663 Thread 0x0000025b416c4d40 DEOPT UNPACKING pc=0x0000025b0f027143 sp=0x000000f018efa380 mode 0
Event: 56.665 Thread 0x0000025b416c4d40 DEOPT PACKING pc=0x0000025b097cc258 sp=0x000000f018efaea0
Event: 56.665 Thread 0x0000025b416c4d40 DEOPT UNPACKING pc=0x0000025b0f027143 sp=0x000000f018efa380 mode 0
Event: 56.666 Thread 0x0000025b416c4d40 DEOPT PACKING pc=0x0000025b097cc258 sp=0x000000f018efaea0
Event: 56.666 Thread 0x0000025b416c4d40 DEOPT UNPACKING pc=0x0000025b0f027143 sp=0x000000f018efa380 mode 0
Event: 56.702 Thread 0x0000025b416c5250 Uncommon trap: trap_request=0xffffff6e fr.pc=0x0000025b0fff4f6c relative=0x0000000000001b6c
Event: 56.702 Thread 0x0000025b416c5250 Uncommon trap: reason=loop_limit_check action=maybe_recompile pc=0x0000025b0fff4f6c method=com.google.common.base.CharMatcher.lastIndexIn(Ljava/lang/CharSequence;)I @ 10 c2
Event: 56.702 Thread 0x0000025b416c5250 DEOPT PACKING pc=0x0000025b0fff4f6c sp=0x000000f0190faf10
Event: 56.702 Thread 0x0000025b416c5250 DEOPT UNPACKING pc=0x0000025b0f0269a3 sp=0x000000f0190fad38 mode 2
Event: 56.746 Thread 0x0000025b416c1590 Uncommon trap: trap_request=0xffffff45 fr.pc=0x0000025b0ff843e8 relative=0x0000000000000348
Event: 56.746 Thread 0x0000025b416c1590 Uncommon trap: reason=unstable_if action=reinterpret pc=0x0000025b0ff843e8 method=java.util.concurrent.ConcurrentLinkedQueue.offer(Ljava/lang/Object;)Z @ 42 c2
Event: 56.746 Thread 0x0000025b416c1590 DEOPT PACKING pc=0x0000025b0ff843e8 sp=0x000000f018ffa2f0
Event: 56.746 Thread 0x0000025b416c1590 DEOPT UNPACKING pc=0x0000025b0f0269a3 sp=0x000000f018ffa290 mode 2

Classes loaded (20 events):
Event: 42.999 Loading class java/io/ObjectInputStream$ValidationList
Event: 42.999 Loading class java/io/ObjectInputStream$ValidationList done
Event: 42.999 Loading class java/io/ObjectInputFilter$Config
Event: 42.999 Loading class java/io/ObjectInputFilter$Config done
Event: 42.999 Loading class java/io/ObjectInputFilter
Event: 42.999 Loading class java/io/ObjectInputFilter done
Event: 43.000 Loading class java/io/ObjectInputFilter$Config$BuiltinFilterFactory
Event: 43.000 Loading class java/io/ObjectInputFilter$Config$BuiltinFilterFactory done
Event: 43.000 Loading class jdk/internal/access/JavaObjectInputFilterAccess
Event: 43.000 Loading class jdk/internal/access/JavaObjectInputFilterAccess done
Event: 43.000 Loading class jdk/internal/event/DeserializationEvent
Event: 43.000 Loading class jdk/internal/event/DeserializationEvent done
Event: 43.000 Loading class java/io/ObjectInputStream$FieldValues
Event: 43.001 Loading class java/io/ObjectInputStream$GetField
Event: 43.001 Loading class java/io/ObjectInputStream$GetField done
Event: 43.001 Loading class java/io/ObjectInputStream$FieldValues done
Event: 48.478 Loading class java/util/concurrent/locks/ReentrantReadWriteLock$Sync$HoldCounter
Event: 48.478 Loading class java/util/concurrent/locks/ReentrantReadWriteLock$Sync$HoldCounter done
Event: 56.480 Loading class java/util/concurrent/atomic/Striped64$Cell
Event: 56.481 Loading class java/util/concurrent/atomic/Striped64$Cell done

Classes unloaded (5 events):
Event: 30.908 Thread 0x0000025b1e7ac450 Unloading class 0x0000025b205903e8 '_BuildScript_$_run_closure2'
Event: 30.908 Thread 0x0000025b1e7ac450 Unloading class 0x0000025b20590000 '_BuildScript_$_run_closure1$_closure4'
Event: 30.908 Thread 0x0000025b1e7ac450 Unloading class 0x0000025b2058c8d8 '_BuildScript_$_run_closure1$_closure3'
Event: 30.908 Thread 0x0000025b1e7ac450 Unloading class 0x0000025b2058c4f0 '_BuildScript_$_run_closure1'
Event: 30.908 Thread 0x0000025b1e7ac450 Unloading class 0x0000025b2058c000 '_BuildScript_'

Classes redefined (0 events):
No events

Internal exceptions (20 events):
Event: 42.997 Thread 0x0000025b3f2e0c60 Exception <a 'java/lang/NoSuchMethodError'{0x0000000094ccfba8}: 'void java.lang.invoke.DirectMethodHandle$Holder.invokeSpecial(java.lang.Object, java.lang.Object, java.lang.Object, int)'> (0x0000000094ccfba8) 
thrown [s\src\hotspot\share\interpreter\linkResolver.cpp, line 759]
Event: 48.306 Thread 0x0000025b3f2e0c60 Exception <a 'java/lang/IncompatibleClassChangeError'{0x0000000092dc0930}: Found class java.lang.Object, but interface was expected> (0x0000000092dc0930) 
thrown [s\src\hotspot\share\interpreter\linkResolver.cpp, line 826]
Event: 56.389 Thread 0x0000025b416c3e10 Exception <a 'sun/nio/fs/WindowsException'{0x0000000091c8d158}> (0x0000000091c8d158) 
thrown [s\src\hotspot\share\prims\jni.cpp, line 516]
Event: 56.393 Thread 0x0000025b416c4830 Exception <a 'sun/nio/fs/WindowsException'{0x0000000091b520b8}> (0x0000000091b520b8) 
thrown [s\src\hotspot\share\prims\jni.cpp, line 516]
Event: 56.393 Thread 0x0000025b416c4d40 Exception <a 'sun/nio/fs/WindowsException'{0x0000000091be3940}> (0x0000000091be3940) 
thrown [s\src\hotspot\share\prims\jni.cpp, line 516]
Event: 56.462 Thread 0x0000025b416c3e10 Exception <a 'sun/nio/fs/WindowsException'{0x0000000091a20f38}> (0x0000000091a20f38) 
thrown [s\src\hotspot\share\prims\jni.cpp, line 516]
Event: 56.463 Thread 0x0000025b416c4830 Exception <a 'sun/nio/fs/WindowsException'{0x0000000090ca9c80}> (0x0000000090ca9c80) 
thrown [s\src\hotspot\share\prims\jni.cpp, line 516]
Event: 56.465 Thread 0x0000025b416c1590 Exception <a 'sun/nio/fs/WindowsException'{0x0000000090c17c98}> (0x0000000090c17c98) 
thrown [s\src\hotspot\share\prims\jni.cpp, line 516]
Event: 56.468 Thread 0x0000025b416c5250 Exception <a 'sun/nio/fs/WindowsException'{0x0000000090c634c8}> (0x0000000090c634c8) 
thrown [s\src\hotspot\share\prims\jni.cpp, line 516]
Event: 56.517 Thread 0x0000025b416c4d40 Exception <a 'sun/nio/fs/WindowsException'{0x0000000091a7b138}> (0x0000000091a7b138) 
thrown [s\src\hotspot\share\prims\jni.cpp, line 516]
Event: 56.535 Thread 0x0000025b416c1aa0 Exception <a 'sun/nio/fs/WindowsException'{0x000000009ff4e788}> (0x000000009ff4e788) 
thrown [s\src\hotspot\share\prims\jni.cpp, line 516]
Event: 56.536 Thread 0x0000025b3fb8ea90 Exception <a 'sun/nio/fs/WindowsException'{0x000000009fe8c298}> (0x000000009fe8c298) 
thrown [s\src\hotspot\share\prims\jni.cpp, line 516]
Event: 56.538 Thread 0x0000025b3fb8efa0 Exception <a 'sun/nio/fs/WindowsException'{0x000000009feae220}> (0x000000009feae220) 
thrown [s\src\hotspot\share\prims\jni.cpp, line 516]
Event: 56.539 Thread 0x0000025b416c3e10 Exception <a 'sun/nio/fs/WindowsException'{0x000000009fed0160}> (0x000000009fed0160) 
thrown [s\src\hotspot\share\prims\jni.cpp, line 516]
Event: 56.540 Thread 0x0000025b416c4830 Exception <a 'sun/nio/fs/WindowsException'{0x000000009fef5720}> (0x000000009fef5720) 
thrown [s\src\hotspot\share\prims\jni.cpp, line 516]
Event: 56.697 Thread 0x0000025b416c5250 Exception <a 'sun/nio/fs/WindowsException'{0x00000000944fd9f8}> (0x00000000944fd9f8) 
thrown [s\src\hotspot\share\prims\jni.cpp, line 516]
Event: 56.698 Thread 0x0000025b416c1590 Exception <a 'sun/nio/fs/WindowsException'{0x0000000094305b20}> (0x0000000094305b20) 
thrown [s\src\hotspot\share\prims\jni.cpp, line 516]
Event: 56.698 Thread 0x0000025b3f4ec1c0 Exception <a 'sun/nio/fs/WindowsException'{0x0000000094321340}> (0x0000000094321340) 
thrown [s\src\hotspot\share\prims\jni.cpp, line 516]
Event: 56.701 Thread 0x0000025b43fe0800 Exception <a 'sun/nio/fs/WindowsException'{0x0000000094338188}> (0x0000000094338188) 
thrown [s\src\hotspot\share\prims\jni.cpp, line 516]
Event: 56.704 Thread 0x0000025b43fe1730 Exception <a 'sun/nio/fs/WindowsException'{0x0000000094341948}> (0x0000000094341948) 
thrown [s\src\hotspot\share\prims\jni.cpp, line 516]

VM Operations (20 events):
Event: 49.125 Executing VM operation: Cleanup done
Event: 50.139 Executing VM operation: Cleanup
Event: 50.139 Executing VM operation: Cleanup done
Event: 51.152 Executing VM operation: Cleanup
Event: 51.153 Executing VM operation: Cleanup done
Event: 51.730 Executing VM operation: HandshakeAllThreads
Event: 51.730 Executing VM operation: HandshakeAllThreads done
Event: 52.732 Executing VM operation: Cleanup
Event: 52.732 Executing VM operation: Cleanup done
Event: 53.732 Executing VM operation: Cleanup
Event: 53.732 Executing VM operation: Cleanup done
Event: 54.733 Executing VM operation: Cleanup
Event: 54.733 Executing VM operation: Cleanup done
Event: 55.746 Executing VM operation: Cleanup
Event: 55.746 Executing VM operation: Cleanup done
Event: 56.522 Executing VM operation: G1CollectForAllocation
Event: 56.534 Executing VM operation: G1CollectForAllocation done
Event: 56.653 Executing VM operation: G1CollectForAllocation
Event: 56.657 Executing VM operation: G1CollectForAllocation done
Event: 56.850 Executing VM operation: G1CollectForAllocation

Memory protections (0 events):
No events

Nmethod flushes (20 events):
Event: 42.716 Thread 0x0000025b1e7dc070 flushing  nmethod 0x0000025b093af010
Event: 42.716 Thread 0x0000025b1e7dc070 flushing  nmethod 0x0000025b093b5b10
Event: 42.716 Thread 0x0000025b1e7dc070 flushing  nmethod 0x0000025b093b6210
Event: 42.716 Thread 0x0000025b1e7dc070 flushing  nmethod 0x0000025b093c4890
Event: 42.716 Thread 0x0000025b1e7dc070 flushing  nmethod 0x0000025b093c8a10
Event: 42.716 Thread 0x0000025b1e7dc070 flushing  nmethod 0x0000025b093cab90
Event: 42.716 Thread 0x0000025b1e7dc070 flushing  nmethod 0x0000025b093cd610
Event: 42.717 Thread 0x0000025b1e7dc070 flushing  nmethod 0x0000025b093e1f90
Event: 42.717 Thread 0x0000025b1e7dc070 flushing  nmethod 0x0000025b093e8c90
Event: 42.717 Thread 0x0000025b1e7dc070 flushing  nmethod 0x0000025b093f2510
Event: 42.717 Thread 0x0000025b1e7dc070 flushing  nmethod 0x0000025b0949c910
Event: 51.730 Thread 0x0000025b1e7dc070 flushing  nmethod 0x0000025b0f5aa890
Event: 51.731 Thread 0x0000025b1e7dc070 flushing  nmethod 0x0000025b0f798b10
Event: 51.732 Thread 0x0000025b1e7dc070 flushing  nmethod 0x0000025b0fe97790
Event: 51.737 Thread 0x0000025b1e7dc070 flushing  nmethod 0x0000025b085c6910
Event: 51.738 Thread 0x0000025b1e7dc070 flushing  nmethod 0x0000025b08992010
Event: 51.739 Thread 0x0000025b1e7dc070 flushing  nmethod 0x0000025b08e39790
Event: 51.739 Thread 0x0000025b1e7dc070 flushing  nmethod 0x0000025b08e39b90
Event: 51.739 Thread 0x0000025b1e7dc070 flushing  nmethod 0x0000025b08e3bb10
Event: 51.739 Thread 0x0000025b1e7dc070 flushing  nmethod 0x0000025b08e3d090

Events (20 events):
Event: 48.310 Thread 0x0000025b3f2e0c60 Thread added: 0x0000025b3fc846f0
Event: 48.310 Thread 0x0000025b3f2e0c60 Thread added: 0x0000025b5f0870e0
Event: 48.310 Thread 0x0000025b3f2e0c60 Thread added: 0x0000025b5f085790
Event: 48.310 Thread 0x0000025b3f2e0c60 Thread added: 0x0000025b5f084860
Event: 48.310 Thread 0x0000025b3f2e0c60 Thread added: 0x0000025b5f085ca0
Event: 48.310 Thread 0x0000025b3f2e0c60 Thread added: 0x0000025b5f0861b0
Event: 48.310 Thread 0x0000025b3f2e0c60 Thread added: 0x0000025b5f084350
Event: 48.310 Thread 0x0000025b3f2e0c60 Thread added: 0x0000025b5f085280
Event: 48.310 Thread 0x0000025b3f2e0c60 Thread added: 0x0000025b5f0866c0
Event: 56.388 Thread 0x0000025b3f2e0c60 Thread added: 0x0000025b416c3e10
Event: 56.391 Thread 0x0000025b3f2e0c60 Thread added: 0x0000025b416c4830
Event: 56.392 Thread 0x0000025b3f2e0c60 Thread added: 0x0000025b416c4d40
Event: 56.461 Thread 0x0000025b3f2e0c60 Thread added: 0x0000025b416c1590
Event: 56.462 Thread 0x0000025b3f2e0c60 Thread added: 0x0000025b416c5250
Event: 56.463 Thread 0x0000025b3f2e0c60 Thread added: 0x0000025b416c1aa0
Event: 56.466 Thread 0x0000025b3f2e0c60 Thread added: 0x0000025b3fb8ea90
Event: 56.516 Thread 0x0000025b3f2e0c60 Thread added: 0x0000025b3fb8efa0
Event: 56.522 Thread 0x0000025b3f2e0c60 Thread added: 0x0000025b3f4ec1c0
Event: 56.535 Thread 0x0000025b3f2e0c60 Thread added: 0x0000025b43fe0800
Event: 56.536 Thread 0x0000025b3f2e0c60 Thread added: 0x0000025b43fe1730


Dynamic libraries:
0x00007ff73c100000 - 0x00007ff73c10e000 	C:\Program Files\Microsoft\jdk-17.0.16.8-hotspot\bin\java.exe
0x00007ff937600000 - 0x00007ff937867000 	C:\windows\SYSTEM32\ntdll.dll
0x00007ff935ac0000 - 0x00007ff935b8b000 	C:\windows\System32\KERNEL32.DLL
0x00007ff934db0000 - 0x00007ff9351b2000 	C:\windows\System32\KERNELBASE.dll
0x00007ff934800000 - 0x00007ff93494c000 	C:\windows\System32\ucrtbase.dll
0x00007ff91e010000 - 0x00007ff91e02e000 	C:\Program Files\Microsoft\jdk-17.0.16.8-hotspot\bin\VCRUNTIME140.dll
0x00007ff91e1f0000 - 0x00007ff91e208000 	C:\Program Files\Microsoft\jdk-17.0.16.8-hotspot\bin\jli.dll
0x00007ff936710000 - 0x00007ff9368df000 	C:\windows\System32\USER32.dll
0x00007ff9351c0000 - 0x00007ff9351e7000 	C:\windows\System32\win32u.dll
0x00007ff9117a0000 - 0x00007ff911a30000 	C:\windows\WinSxS\amd64_microsoft.windows.common-controls_6595b64144ccf1df_6.0.26100.9278_none_3e0d1ba8e3303201\COMCTL32.dll
0x00007ff936100000 - 0x00007ff93612b000 	C:\windows\System32\GDI32.dll
0x00007ff936660000 - 0x00007ff936709000 	C:\windows\System32\msvcrt.dll
0x00007ff9351f0000 - 0x00007ff935319000 	C:\windows\System32\gdi32full.dll
0x00007ff934960000 - 0x00007ff934a03000 	C:\windows\System32\msvcp_win.dll
0x00007ff937410000 - 0x00007ff937441000 	C:\windows\System32\IMM32.DLL
0x00007ff91e460000 - 0x00007ff91e46c000 	C:\Program Files\Microsoft\jdk-17.0.16.8-hotspot\bin\vcruntime140_1.dll
0x00007ff8f79a0000 - 0x00007ff8f7a29000 	C:\Program Files\Microsoft\jdk-17.0.16.8-hotspot\bin\msvcp140.dll
0x00007ff8432b0000 - 0x00007ff843f2a000 	C:\Program Files\Microsoft\jdk-17.0.16.8-hotspot\bin\server\jvm.dll
0x00007ff935f30000 - 0x00007ff935fec000 	C:\windows\System32\ADVAPI32.dll
0x00007ff936590000 - 0x00007ff936639000 	C:\windows\System32\sechost.dll
0x00007ff9372f0000 - 0x00007ff937408000 	C:\windows\System32\RPCRT4.dll
0x00007ff936a10000 - 0x00007ff936a90000 	C:\windows\System32\WS2_32.dll
0x00007ff933fa0000 - 0x00007ff933ffe000 	C:\windows\SYSTEM32\POWRPROF.dll
0x00007ff91fe90000 - 0x00007ff91fec6000 	C:\windows\SYSTEM32\WINMM.dll
0x00007ff929ef0000 - 0x00007ff929efb000 	C:\windows\SYSTEM32\VERSION.dll
0x00007ff933f80000 - 0x00007ff933f95000 	C:\windows\SYSTEM32\UMPDC.dll
0x00007ff9334d0000 - 0x00007ff9334eb000 	C:\windows\SYSTEM32\kernel.appcore.dll
0x00007ff91e390000 - 0x00007ff91e39a000 	C:\Program Files\Microsoft\jdk-17.0.16.8-hotspot\bin\jimage.dll
0x00007ff931dc0000 - 0x00007ff93200c000 	C:\windows\SYSTEM32\DBGHELP.DLL
0x00007ff936aa0000 - 0x00007ff936e25000 	C:\windows\System32\combase.dll
0x00007ff9364b0000 - 0x00007ff936589000 	C:\windows\System32\OLEAUT32.dll
0x00007ff910bd0000 - 0x00007ff910c0b000 	C:\windows\SYSTEM32\dbgcore.DLL
0x00007ff934b60000 - 0x00007ff934c0c000 	C:\windows\System32\bcryptPrimitives.dll
0x00007ff91d790000 - 0x00007ff91d79f000 	C:\Program Files\Microsoft\jdk-17.0.16.8-hotspot\bin\instrument.dll
0x00007ff91ddd0000 - 0x00007ff91ddf6000 	C:\Program Files\Microsoft\jdk-17.0.16.8-hotspot\bin\java.dll
0x00007ff8ca570000 - 0x00007ff8ca646000 	C:\Program Files\Microsoft\jdk-17.0.16.8-hotspot\bin\jsvml.dll
0x00007ff935320000 - 0x00007ff935ab8000 	C:\windows\System32\SHELL32.dll
0x00007ff932240000 - 0x00007ff932aee000 	C:\windows\SYSTEM32\windows.storage.dll
0x00007ff936320000 - 0x00007ff93641b000 	C:\windows\System32\SHCORE.dll
0x00007ff9368f0000 - 0x00007ff936956000 	C:\windows\System32\shlwapi.dll
0x00007ff934720000 - 0x00007ff934749000 	C:\windows\SYSTEM32\profapi.dll
0x00007ff910020000 - 0x00007ff910038000 	C:\Program Files\Microsoft\jdk-17.0.16.8-hotspot\bin\zip.dll
0x00007ff91ddb0000 - 0x00007ff91ddcb000 	C:\Program Files\Microsoft\jdk-17.0.16.8-hotspot\bin\net.dll
0x00007ff92bbd0000 - 0x00007ff92bcfa000 	C:\windows\SYSTEM32\WINHTTP.dll
0x00007ff933a90000 - 0x00007ff933afc000 	C:\windows\system32\mswsock.dll
0x00007ff91a6d0000 - 0x00007ff91a6e6000 	C:\Program Files\Microsoft\jdk-17.0.16.8-hotspot\bin\nio.dll
0x00007ff91df10000 - 0x00007ff91df20000 	C:\Program Files\Microsoft\jdk-17.0.16.8-hotspot\bin\verify.dll
0x00007ff92c010000 - 0x00007ff92c037000 	D:\gradle_home\native\660c5614fbf4a5f2a75b1949f50a0caf5cd603558e7d8a26e50b933a0cfb79d1\windows-amd64\native-platform.dll
0x00007ff8fefd0000 - 0x00007ff8ff047000 	D:\gradle_home\native\0.2.8\x86_64-windows-gnu\gradle-fileevents.dll
0x00007ff91df30000 - 0x00007ff91df3a000 	C:\Program Files\Microsoft\jdk-17.0.16.8-hotspot\bin\management.dll
0x00007ff91df20000 - 0x00007ff91df2c000 	C:\Program Files\Microsoft\jdk-17.0.16.8-hotspot\bin\management_ext.dll
0x00007ff936130000 - 0x00007ff936138000 	C:\windows\System32\PSAPI.DLL
0x00007ff932e80000 - 0x00007ff932eb3000 	C:\windows\SYSTEM32\IPHLPAPI.DLL
0x00007ff937450000 - 0x00007ff93745a000 	C:\windows\System32\NSI.dll
0x00007ff92c300000 - 0x00007ff92c31d000 	C:\windows\SYSTEM32\dhcpcsvc6.DLL
0x00007ff92c250000 - 0x00007ff92c275000 	C:\windows\SYSTEM32\dhcpcsvc.DLL
0x00007ff932f10000 - 0x00007ff933068000 	C:\windows\SYSTEM32\DNSAPI.dll
0x00007ff933890000 - 0x00007ff93389d000 	C:\windows\SYSTEM32\DSPARSE.dll
0x00007ff91e000000 - 0x00007ff91e009000 	C:\Program Files\Microsoft\jdk-17.0.16.8-hotspot\bin\extnet.dll
0x00007ff933d80000 - 0x00007ff933d9b000 	C:\windows\SYSTEM32\CRYPTSP.dll
0x00007ff933430000 - 0x00007ff933469000 	C:\windows\system32\rsaenh.dll
0x00007ff933b40000 - 0x00007ff933b74000 	C:\windows\SYSTEM32\USERENV.dll
0x00007ff9346f0000 - 0x00007ff93471a000 	C:\windows\SYSTEM32\bcrypt.dll
0x00007ff933da0000 - 0x00007ff933dac000 	C:\windows\SYSTEM32\CRYPTBASE.dll
0x00007ff91e2e0000 - 0x00007ff91e2ee000 	C:\Program Files\Microsoft\jdk-17.0.16.8-hotspot\bin\sunmscapi.dll
0x00007ff934c20000 - 0x00007ff934d9e000 	C:\windows\System32\CRYPT32.dll
0x00007ff9340e0000 - 0x00007ff934110000 	C:\windows\SYSTEM32\ncrypt.dll
0x00007ff934090000 - 0x00007ff9340cf000 	C:\windows\SYSTEM32\NTASN1.dll
0x00007ff903e00000 - 0x00007ff903e08000 	C:\windows\system32\wshunix.dll
0x00007ff92ae50000 - 0x00007ff92ae5b000 	C:\Windows\System32\rasadhlp.dll
0x00007ff92c350000 - 0x00007ff92c3d6000 	C:\windows\System32\fwpuclnt.dll

dbghelp: loaded successfully - version: 4.0.5 - missing functions: none
symbol engine: initialized successfully - sym options: 0x614 - pdb path: .;C:\Program Files\Microsoft\jdk-17.0.16.8-hotspot\bin;C:\windows\SYSTEM32;C:\windows\WinSxS\amd64_microsoft.windows.common-controls_6595b64144ccf1df_6.0.26100.9278_none_3e0d1ba8e3303201;C:\Program Files\Microsoft\jdk-17.0.16.8-hotspot\bin\server;D:\gradle_home\native\660c5614fbf4a5f2a75b1949f50a0caf5cd603558e7d8a26e50b933a0cfb79d1\windows-amd64;D:\gradle_home\native\0.2.8\x86_64-windows-gnu

VM Arguments:
jvm_args: --add-opens=java.base/java.lang=ALL-UNNAMED --add-opens=java.base/java.lang.invoke=ALL-UNNAMED --add-opens=java.base/java.util=ALL-UNNAMED --add-opens=java.prefs/java.util.prefs=ALL-UNNAMED --add-exports=jdk.compiler/com.sun.tools.javac.api=ALL-UNNAMED --add-exports=jdk.compiler/com.sun.tools.javac.util=ALL-UNNAMED --add-opens=java.base/java.util=ALL-UNNAMED --add-opens=java.prefs/java.util.prefs=ALL-UNNAMED --add-opens=java.base/java.nio.charset=ALL-UNNAMED --add-opens=java.base/java.net=ALL-UNNAMED --add-opens=java.base/java.util.concurrent=ALL-UNNAMED --add-opens=java.base/java.util.concurrent.atomic=ALL-UNNAMED --add-opens=java.xml/javax.xml.namespace=ALL-UNNAMED --add-opens=java.base/java.time=ALL-UNNAMED -XX:MaxMetaspaceSize=512m -Xmx2048m -Dfile.encoding=windows-1252 -Duser.country=IN -Duser.language=en -Duser.variant -javaagent:D:\gradle_home\wrapper\dists\gradle-9.3.1-bin\23ovyewtku6u96viwx3xl3oks\gradle-9.3.1\lib\agents\gradle-instrumentation-agent-9.3.1.jar 
java_command: org.gradle.launcher.daemon.bootstrap.GradleDaemon 9.3.1
java_class_path (initial): D:\gradle_home\wrapper\dists\gradle-9.3.1-bin\23ovyewtku6u96viwx3xl3oks\gradle-9.3.1\lib\gradle-daemon-main-9.3.1.jar
Launcher Type: SUN_STANDARD

[Global flags]
     intx CICompilerCount                          = 4                                         {product} {ergonomic}
   size_t CompressedClassSpaceSize                 = 436207616                                 {product} {ergonomic}
     uint ConcGCThreads                            = 3                                         {product} {ergonomic}
     uint G1ConcRefinementThreads                  = 10                                        {product} {ergonomic}
   size_t G1HeapRegionSize                         = 1048576                                   {product} {ergonomic}
    uintx GCDrainStackTargetSize                   = 64                                        {product} {ergonomic}
   size_t InitialHeapSize                          = 264241152                                 {product} {ergonomic}
   size_t MarkStackSize                            = 4194304                                   {product} {ergonomic}
   size_t MaxHeapSize                              = 2147483648                                {product} {command line}
   size_t MaxMetaspaceSize                         = 536870912                                 {product} {command line}
   size_t MaxNewSize                               = 1287651328                                {product} {ergonomic}
   size_t MinHeapDeltaBytes                        = 1048576                                   {product} {ergonomic}
   size_t MinHeapSize                              = 8388608                                   {product} {ergonomic}
    uintx NonNMethodCodeHeapSize                   = 5839372                                {pd product} {ergonomic}
    uintx NonProfiledCodeHeapSize                  = 122909434                              {pd product} {ergonomic}
    uintx ProfiledCodeHeapSize                     = 122909434                              {pd product} {ergonomic}
    uintx ReservedCodeCacheSize                    = 251658240                              {pd product} {ergonomic}
     bool SegmentedCodeCache                       = true                                      {product} {ergonomic}
   size_t SoftMaxHeapSize                          = 2147483648                             {manageable} {ergonomic}
     bool UseCompressedClassPointers               = true                           {product lp64_product} {ergonomic}
     bool UseCompressedOops                        = true                           {product lp64_product} {ergonomic}
     bool UseG1GC                                  = true                                      {product} {ergonomic}
     bool UseLargePagesIndividualAllocation        = false                                  {pd product} {ergonomic}

Logging:
Log output configuration:
 #0: stdout all=warning uptime,level,tags
 #1: stderr all=off uptime,level,tags

Environment Variables:
JAVA_HOME=C:\Program Files\Microsoft\jdk-17.0.16.8-hotspot\
PATH=C:\Users\wwwpi\bin;C:\Program Files\Git\mingw64\bin;C:\Program Files\Git\usr\local\bin;C:\Program Files\Git\usr\bin;C:\Program Files\Git\usr\bin;C:\Program Files\Git\mingw64\bin;C:\Program Files\Git\usr\bin;C:\Users\wwwpi\bin;C:\Program Files\Microsoft\jdk-17.0.16.8-hotspot\bin;C:\windows\system32;C:\windows;C:\windows\System32\Wbem;C:\windows\System32\WindowsPowerShell\v1.0;C:\windows\System32\OpenSSH;C:\Program Files (x86)\NVIDIA Corporation\PhysX\Common;C:\Users\Administrator\AppData\Local\Microsoft\WindowsApps;C:\Program Files\HP\OMEN-Broadcast\Common;C:\ProgramData\chocolatey\bin;C:\Program Files\Git\cmd;C:\php;C:\MinGW\bin;C:\Program Files\MongoDB\Server\7.0\bin;C:\Program Files\nodejs;C:\platform-tools;C:\Users\wwwpi\AppData\Local\Packages\PythonSoftwareFoundation.Python.3.11_qbz5n2kfra8p0\LocalCache\local-packages\Python311\Scripts;C:\Program Files\doctl;C:\Program Files\NVIDIA Corporation\NVIDIA App\NvDLISR;C:\Program Files\PyManager;C:\Users\wwwpi\AppData\Local\Programs\Python\Python311;C:\Users\wwwpi\AppData\Local\Programs\Python\Python311\Scripts;C:\Program Files\PostgreSQL\16\bin;D:\Desktop\google-cloud-sdk\bin;C:\Program Files\Pandoc;C:\Users\YourUsername\AppData\Local\ngrok;C:\ffmpeg\bin;C:\Users\wwwpi\scoop\shims;C:\Users\wwwpi\AppData\Local\Programs\Python\Python311\Scripts;C:\Users\wwwpi\AppData\Local\Programs\Python\Python311;C:\Users\wwwpi\AppData\Local\Android\Sdk\platform-tools;C:\Users\wwwpi\AppData\Local\Android\Sdk\tools;C:\Users\wwwpi\AppData\Local\Microsoft\WindowsApps;C:\Users\wwwpi\AppData\Local\Programs\Microsoft VS Code\bin;C:\php;C:\flutter\bin;C:\Users\wwwpi\AppData\Local\Programs\Ollama;C:\Users\wwwpi\AppData\Roaming\npm;C:\Users\wwwpi\AppData\Local\Google\Cloud SDK\google-cloud-sdk\bin;C:\Users\wwwpi\AppData\Local\Programs\Antigravity IDE\bin;C:\Users\wwwpi\.antigravity-ide\extensions\ms-python.debugpy-2026.6.0-win32-x64\bundled\scripts\noConfigScripts;C:\Program Files\Git\usr\bin\vendor_perl;C:\Program Files\Git\usr\bin\core_perl
USERNAME=wwwpi
SHELL=C:\Program Files\Git\usr\bin\bash.exe
LANG=en_US.UTF-8
TERM=xterm-256color
OS=Windows_NT
PROCESSOR_IDENTIFIER=Intel64 Family 6 Model 186 Stepping 2, GenuineIntel
TMP=D:\win_tmp
TEMP=D:\win_tmp



Periodic native trim disabled


---------------  S Y S T E M  ---------------

OS:
 Windows 11 , 64 bit Build 26100 (10.0.26100.9444)
OS uptime: 0 days 18:54 hours
Hyper-V role detected

CPU: total 12 (initial active 12) (6 cores per cpu, 2 threads per core) family 6 model 186 stepping 2 microcode 0x6134, cx8, cmov, fxsr, ht, mmx, 3dnowpref, sse, sse2, sse3, ssse3, sse4.1, sse4.2, popcnt, lzcnt, tsc, tscinvbit, avx, avx2, aes, erms, clmul, bmi1, bmi2, adx, sha, fma, vzeroupper, clflush, clflushopt, clwb, hv
Processor Information for processor 0
  Max Mhz: 2100, Current Mhz: 2100, Mhz Limit: 2100
Processor Information for processor 1
  Max Mhz: 2100, Current Mhz: 2100, Mhz Limit: 2100
Processor Information for processor 2
  Max Mhz: 2100, Current Mhz: 2100, Mhz Limit: 2100
Processor Information for processor 3
  Max Mhz: 2100, Current Mhz: 2100, Mhz Limit: 2100
Processor Information for processor 4
  Max Mhz: 2100, Current Mhz: 2100, Mhz Limit: 2100
Processor Information for processor 5
  Max Mhz: 2100, Current Mhz: 2100, Mhz Limit: 2100
Processor Information for processor 6
  Max Mhz: 2100, Current Mhz: 2100, Mhz Limit: 2100
Processor Information for processor 7
  Max Mhz: 2100, Current Mhz: 2100, Mhz Limit: 2100
Processor Information for processor 8
  Max Mhz: 2100, Current Mhz: 1540, Mhz Limit: 2100
Processor Information for processor 9
  Max Mhz: 2100, Current Mhz: 2100, Mhz Limit: 2100
Processor Information for processor 10
  Max Mhz: 2100, Current Mhz: 1540, Mhz Limit: 2100
Processor Information for processor 11
  Max Mhz: 2100, Current Mhz: 1540, Mhz Limit: 2100

Memory: 4k page, system-wide physical 16013M (256M free)
TotalPageFile size 30689M (AvailPageFile size 98M)
current process WorkingSet (physical memory assigned to process): 705M, peak: 734M
current process commit charge ("private bytes"): 747M, peak: 908M

vm_info: OpenJDK 64-Bit Server VM (17.0.16+8-LTS) for windows-amd64 JRE (17.0.16+8-LTS), built on Jul 10 2025 00:24:24 by "MicrosoftCorporation" with unknown MS VC++:1944

END.
